--
-- PostgreSQL database dump
--

-- Dumped from database version 10.23
-- Dumped by pg_dump version 10.1

-- Started on 2023-09-26 08:16:38

SET statement_timeout = 0;
SET lock_timeout = 0;
SET idle_in_transaction_session_timeout = 0;
SET client_encoding = 'UTF8';
SET standard_conforming_strings = on;
SET check_function_bodies = false;
SET client_min_messages = warning;
SET row_security = off;

SET search_path = public, pg_catalog;

--
-- TOC entry 2908 (class 0 OID 16688)
-- Dependencies: 203
-- Data for Name: department; Type: TABLE DATA; Schema: public; Owner: postgres
--

COPY department (id_department, name, description) FROM stdin;
1	Atasan	Atasan Pakaian
2	Bawahan	Bawahan Pakaian
3	Sepatu	Sepatu
\.


--
-- TOC entry 2910 (class 0 OID 16696)
-- Dependencies: 205
-- Data for Name: class; Type: TABLE DATA; Schema: public; Owner: postgres
--

COPY class (id_class, id_department, name, description) FROM stdin;
5	1	Pria	Pakaian Atasan Pria
6	1	Wanita	Pakaian Atasan Wanita
7	1	Anak Laki-laki	Pakaian Atasan Anak Laki - Laki
8	1	Anak Perempuan	Pakaian Atasan Anak Perempuan
9	2	Pria	Pakaian Bawahan Pria
10	2	Wanita	Pakaian Bawahan Wanita
11	2	Anak Laki-laki	Pakaian Bawahan Anak Laki - Laki
12	2	Anak Perempuan	Pakaian Bawahan Anak Perempuan
13	3	Pria	Sepatu Pria
14	3	Wanita	Sepatu Wanita
15	3	Anak Laki-laki	Sepatu Anak Laki - Laki
16	3	Anak Perempuan	Sepatu Anak Perempuan
\.


--
-- TOC entry 2920 (class 0 OID 16740)
-- Dependencies: 215
-- Data for Name: cut_off; Type: TABLE DATA; Schema: public; Owner: postgres
--

COPY cut_off (id_cut_off, cut_off_date, description) FROM stdin;
2	2023-09-25 00:00:00	Cut off stock opname tanggal : 25-09-2023 00:00:00
3	2023-09-25 00:00:00	Cut off stock opname tanggal : 25-09-2023 00:00:00
\.


--
-- TOC entry 2914 (class 0 OID 16712)
-- Dependencies: 209
-- Data for Name: uom; Type: TABLE DATA; Schema: public; Owner: postgres
--

COPY uom (id_uom, name, description, abbreviation) FROM stdin;
1	Meter	A standard unit of length.	m
2	Kilogram	A standard unit of mass.	kg
3	Second	A standard unit of time.	s
4	Liter	A standard unit of volume.	L
5	Celsius	A standard unit of temperature.	°C
6	Gram	A smaller unit of mass.	g
7	Millimeter	A smaller unit of length.	mm
8	Hour	A larger unit of time.	hr
9	Gallon	A larger unit of volume.	gal
10	Pieces	A unit representing individual items.	Pcs
\.


--
-- TOC entry 2916 (class 0 OID 16720)
-- Dependencies: 211
-- Data for Name: goods; Type: TABLE DATA; Schema: public; Owner: postgres
--

COPY goods (id_goods, id_sub_class, id_uom, name, description) FROM stdin;
1	1	10	Kemeja Pria	Kemeja Pria Berkualitas Tinggi
2	2	10	Blouse Wanita	Blouse Wanita Elegan
3	3	10	Kaos Anak Laki-Laki	Kaos Anak Laki-Laki Lucu
4	4	10	Dress Anak Perempuan	Dress Anak Perempuan Berwarna Cerah
5	5	10	Celana Panjang Pria	Celana Panjang Pria Nyaman
6	6	10	Rok Wanita	Rok Wanita Modis
7	7	10	Celana Pendek Anak Laki-Laki	Celana Pendek Anak Laki-Laki Sporty
8	8	10	Legging Anak Perempuan	Legging Anak Perempuan Warna-warni
9	9	10	Sepatu Formal Pria	Sepatu Formal Pria Berbahan Kulit
10	10	10	Sepatu Hak Tinggi Wanita	Sepatu Hak Tinggi Wanita Elegan
11	13	10	Jaket Kulit Pria	Jaket Kulit Pria Elegan
12	14	10	Kaos Polo Pria	Kaos Polo Pria Santai
13	15	10	Kemeja Flanel Pria	Kemeja Flanel Pria Stylish
14	16	10	Blazer Pria	Blazer Pria Formal
15	17	10	Dress Malam Wanita	Dress Malam Wanita Glamour
16	18	10	Kardigan Wanita	Kardigan Wanita Hangat
17	19	10	Blouse Chiffon Wanita	Blouse Chiffon Wanita Elegan
18	20	10	Atasan Batik Wanita	Atasan Batik Wanita Tradisional
19	21	10	Kemeja Denim Pria	Kemeja Denim Pria Trendy
20	22	10	Hoodie Pria	Hoodie Pria Casual
21	23	10	Kaos Oblong Pria	Kaos Oblong Pria Basic
22	24	10	Kaos V-Neck Pria	Kaos V-Neck Pria Stylish
23	25	10	Jas Formal Pria	Jas Formal Pria Elegan
24	26	10	Blouse Sifon Wanita	Blouse Sifon Wanita Anggun
25	27	10	Atasan Crop Wanita	Atasan Crop Wanita Stylish
26	28	10	Kemeja Lengan Panjang Wanita	Kemeja Lengan Panjang Wanita Kasual
27	29	10	Blouse Polkadot Wanita	Blouse Polkadot Wanita Lucu
28	30	10	Tunik Wanita	Tunik Wanita Trendy
29	31	10	Kaos Anak Laki-Laki Superman	Kaos Anak Laki-Laki dengan Motif Superman
30	32	10	Kemeja Anak Laki-Laki	Kemeja Anak Laki-Laki Warna-warni
31	33	10	Sweater Anak Laki-Laki	Sweater Anak Laki-Laki Hangat
32	34	10	Hoodie Anak Laki-Laki	Hoodie Anak Laki-Laki Keren
33	35	10	Kaos Kaki Anak Laki-Laki	Kaos Kaki Anak Laki-Laki Warna-warni
34	36	10	Dress Anak Perempuan Tulle	Dress Anak Perempuan dengan Renda Tulle
35	37	10	Kaos Lengan Panjang Anak Perempuan	Kaos Lengan Panjang Anak Perempuan Hangat
36	38	10	Rok Tutu Anak Perempuan	Rok Tutu Anak Perempuan dengan Tutu yang Menggemaskan
37	39	10	Celana Legging Anak Perempuan	Celana Legging Anak Perempuan Nyaman
38	40	10	Setelan Pakaian Anak Perempuan	Setelan Pakaian Anak Perempuan Bergaya
39	41	10	Celana Pendek Cargo Pria	Celana Pendek Cargo Pria Praktis
40	42	10	Celana Chino Pria	Celana Chino Pria Trendy
41	43	10	Celana Jogger Pria	Celana Jogger Pria Nyaman
42	44	10	Celana Jeans Slim Fit Pria	Celana Jeans Slim Fit Pria Modern
43	45	10	Celana Formal Pria	Celana Formal Pria untuk Acara Penting
44	46	10	Legging Spandex Wanita	Legging Spandex Wanita Fleksibel
45	47	10	Rok Maxi Wanita	Rok Maxi Wanita Anggun
46	48	10	Celana Lebar Wanita	Celana Lebar Wanita Nyaman
47	49	10	Hotpants Wanita	Hotpants Wanita Stylish
48	50	10	Celana Pendek Denim Wanita	Celana Pendek Denim Wanita Trendy
49	51	10	Celana Panjang Anak Laki-Laki	Celana Panjang Anak Laki-Laki Kasual
50	52	10	Celana Pendek Jeans Anak Laki-Laki	Celana Pendek Jeans Anak Laki-Laki Keren
51	53	10	Setelan Kemeja Anak Laki-Laki	Setelan Kemeja Anak Laki-Laki Formal
52	54	10	Kaos Polo Anak Laki-Laki	Kaos Polo Anak Laki-Laki Santai
53	55	10	Celana Pendek Cargo Anak Laki-Laki	Celana Pendek Cargo Anak Laki-Laki Praktis
54	56	10	Celana Legging Panjang Anak Perempuan	Celana Legging Panjang Anak Perempuan Fleksibel
55	57	10	Setelan Rok Tutu Anak Perempuan	Setelan Rok Tutu Anak Perempuan Menggemaskan
56	58	10	Celana Pendek Katun Anak Perempuan	Celana Pendek Katun Anak Perempuan Nyaman
57	59	10	Rok Denim Anak Perempuan	Rok Denim Anak Perempuan Trendy
58	60	10	Legging Motif Anak Perempuan	Legging Motif Anak Perempuan Lucu
59	61	10	Sepatu Casual Pria	Sepatu Casual Pria Nyaman
60	62	10	Sneakers Pria	Sneakers Pria Stylish
61	63	10	Sepatu Boots Pria	Sepatu Boots Pria Klasik
62	64	10	Sandalias Pria	Sandalias Pria Santai
63	65	10	Sepatu Pantofel Pria	Sepatu Pantofel Pria Formal
64	66	10	Sepatu Flat Wanita	Sepatu Flat Wanita yang Nyaman
65	67	10	Sepatu Sandal Wanita	Sepatu Sandal Wanita yang Modis
66	68	10	Sepatu Ballet Wanita	Sepatu Ballet Wanita yang Anggun
67	69	10	Sepatu Wedges Wanita	Sepatu Wedges Wanita yang Trendy
68	70	10	Sepatu Formal Wanita	Sepatu Formal Wanita yang Elegan
69	71	10	Sneakers Anak Laki-Laki	Sneakers Anak Laki-Laki yang Keren
70	72	10	Sepatu Sandal Anak Laki-Laki	Sepatu Sandal Anak Laki-Laki yang Nyaman
71	73	10	Sepatu Olahraga Anak Laki-Laki	Sepatu Olahraga Anak Laki-Laki
72	74	10	Sepatu Sekolah Anak Laki-Laki	Sepatu Sekolah Anak Laki-Laki yang Kuat
73	75	10	Sandalias Anak Laki-Laki	Sandalias Anak Laki-Laki yang Lucu
74	76	10	Sepatu Mary Jane Anak Perempuan	Sepatu Mary Jane Anak Perempuan yang Manis
75	77	10	Sneakers Anak Perempuan	Sneakers Anak Perempuan yang Modis
76	78	10	Sepatu Sandal Anak Perempuan	Sepatu Sandal Anak Perempuan yang Anggun
77	79	10	Sepatu Ballet Anak Perempuan	Sepatu Ballet Anak Perempuan yang Elegan
78	80	10	Sepatu Formal Anak Perempuan	Sepatu Formal Anak Perempuan yang Cantik
\.


--
-- TOC entry 2902 (class 0 OID 16664)
-- Dependencies: 197
-- Data for Name: regional; Type: TABLE DATA; Schema: public; Owner: postgres
--

COPY regional (id_regional, name, description) FROM stdin;
1	JABODETABEK	Jakarta Bogor Depok Tangerang Bekasi
2	JABAR	Jawa Barat
3	JATENG	Jawa Tengah
\.


--
-- TOC entry 2904 (class 0 OID 16672)
-- Dependencies: 199
-- Data for Name: sub_regional; Type: TABLE DATA; Schema: public; Owner: postgres
--

COPY sub_regional (id_sub_regional, id_regional, name, description) FROM stdin;
1	1	Jakarta	DKI Jakarta
2	1	Bogor	Kota Bogor
3	1	Depok	Depok
4	2	Bandung	Kota Bandung
5	2	Sukabumi	Kota Bogor
6	2	Tasikmalaya	Kota Tasikmalaya
7	3	Jepara	Kota Jepara
8	3	Cilacap	Kota Cilacap
9	3	Purwokerto	Kota Purwokerto
\.


--
-- TOC entry 2906 (class 0 OID 16680)
-- Dependencies: 201
-- Data for Name: location; Type: TABLE DATA; Schema: public; Owner: postgres
--

COPY location (id_location, id_sub_regional, name, description) FROM stdin;
11	1	RB-1	RB Store No:1
12	1	RB-2	RB Store No:2
13	1	RB-3	RB Store No:3
14	2	RB-4	RB Store No:4
15	2	RB-5	RB Store No:5
16	2	RB-6	RB Store No:6
17	3	RB-7	RB Store No:7
18	3	RB-8	RB Store No:8
19	3	RB-9	RB Store No:9
20	4	RB-10	RB Store No:10
21	4	RB-11	RB Store No:11
22	4	RB-12	RB Store No:12
23	5	RB-13	RB Store No:13
24	5	RB-14	RB Store No:14
25	5	RB-15	RB Store No:15
26	6	RB-16	RB Store No:16
27	6	RB-17	RB Store No:17
28	6	RB-18	RB Store No:18
29	7	RB-19	RB Store No:19
30	7	RB-20	RB Store No:20
31	7	RB-21	RB Store No:21
32	8	RB-22	RB Store No:22
33	8	RB-23	RB Store No:23
34	8	RB-24	RB Store No:24
35	9	RB-25	RB Store No:25
36	9	RB-26	RB Store No:26
37	9	RB-27	RB Store No:27
\.


--
-- TOC entry 2918 (class 0 OID 16731)
-- Dependencies: 213
-- Data for Name: stock; Type: TABLE DATA; Schema: public; Owner: postgres
--

COPY stock (id_stock, id_location, id_goods, quantity, created_at) FROM stdin;
1	11	1	396	2023-09-25 13:07:06.781608
2	11	2	765	2023-09-25 13:07:06.781608
3	11	3	866	2023-09-25 13:07:06.781608
4	11	4	525	2023-09-25 13:07:06.781608
5	11	5	778	2023-09-25 13:07:06.781608
6	11	6	765	2023-09-25 13:07:06.781608
7	11	7	138	2023-09-25 13:07:06.781608
8	11	8	790	2023-09-25 13:07:06.781608
9	11	9	86	2023-09-25 13:07:06.781608
10	11	10	222	2023-09-25 13:07:06.781608
11	11	11	684	2023-09-25 13:07:06.781608
12	11	12	723	2023-09-25 13:07:06.781608
13	11	13	211	2023-09-25 13:07:06.781608
14	11	14	741	2023-09-25 13:07:06.781608
15	11	15	969	2023-09-25 13:07:06.781608
16	11	16	15	2023-09-25 13:07:06.781608
17	11	17	742	2023-09-25 13:07:06.781608
18	11	18	605	2023-09-25 13:07:06.781608
19	11	19	270	2023-09-25 13:07:06.781608
20	11	20	298	2023-09-25 13:07:06.781608
21	11	21	385	2023-09-25 13:07:06.781608
22	11	22	607	2023-09-25 13:07:06.781608
23	11	23	207	2023-09-25 13:07:06.781608
24	11	24	1000	2023-09-25 13:07:06.781608
25	11	25	11	2023-09-25 13:07:06.781608
26	11	26	695	2023-09-25 13:07:06.781608
27	11	27	413	2023-09-25 13:07:06.781608
28	11	28	205	2023-09-25 13:07:06.781608
29	11	29	30	2023-09-25 13:07:06.781608
30	11	30	628	2023-09-25 13:07:06.781608
31	11	31	64	2023-09-25 13:07:06.781608
32	11	32	831	2023-09-25 13:07:06.781608
33	11	33	919	2023-09-25 13:07:06.781608
34	11	34	594	2023-09-25 13:07:06.781608
35	11	35	436	2023-09-25 13:07:06.781608
36	11	36	732	2023-09-25 13:07:06.781608
37	11	37	7	2023-09-25 13:07:06.781608
38	11	38	31	2023-09-25 13:07:06.781608
39	11	39	971	2023-09-25 13:07:06.781608
40	11	40	972	2023-09-25 13:07:06.781608
41	11	41	552	2023-09-25 13:07:06.781608
42	11	42	306	2023-09-25 13:07:06.781608
43	11	43	775	2023-09-25 13:07:06.781608
44	11	44	548	2023-09-25 13:07:06.781608
45	11	45	935	2023-09-25 13:07:06.781608
46	11	46	57	2023-09-25 13:07:06.781608
47	11	47	247	2023-09-25 13:07:06.781608
48	11	48	509	2023-09-25 13:07:06.781608
49	11	49	321	2023-09-25 13:07:06.781608
50	11	50	916	2023-09-25 13:07:06.781608
51	11	51	778	2023-09-25 13:07:06.781608
52	11	52	409	2023-09-25 13:07:06.781608
53	11	53	469	2023-09-25 13:07:06.781608
54	11	54	299	2023-09-25 13:07:06.781608
55	11	55	382	2023-09-25 13:07:06.781608
56	11	56	632	2023-09-25 13:07:06.781608
57	11	57	933	2023-09-25 13:07:06.781608
58	11	58	356	2023-09-25 13:07:06.781608
59	11	59	477	2023-09-25 13:07:06.781608
60	11	60	478	2023-09-25 13:07:06.781608
61	11	61	483	2023-09-25 13:07:06.781608
62	11	62	66	2023-09-25 13:07:06.781608
63	11	63	401	2023-09-25 13:07:06.781608
64	11	64	386	2023-09-25 13:07:06.781608
65	11	65	144	2023-09-25 13:07:06.781608
66	11	66	431	2023-09-25 13:07:06.781608
67	11	67	797	2023-09-25 13:07:06.781608
68	11	68	917	2023-09-25 13:07:06.781608
69	11	69	468	2023-09-25 13:07:06.781608
70	11	70	762	2023-09-25 13:07:06.781608
71	11	71	614	2023-09-25 13:07:06.781608
72	11	72	613	2023-09-25 13:07:06.781608
73	11	73	847	2023-09-25 13:07:06.781608
74	11	74	851	2023-09-25 13:07:06.781608
75	11	75	922	2023-09-25 13:07:06.781608
76	11	76	640	2023-09-25 13:07:06.781608
77	11	77	499	2023-09-25 13:07:06.781608
78	11	78	295	2023-09-25 13:07:06.781608
79	12	1	93	2023-09-25 13:07:06.781608
80	12	2	837	2023-09-25 13:07:06.781608
81	12	3	847	2023-09-25 13:07:06.781608
82	12	4	266	2023-09-25 13:07:06.781608
83	12	5	535	2023-09-25 13:07:06.781608
84	12	6	912	2023-09-25 13:07:06.781608
85	12	7	2	2023-09-25 13:07:06.781608
86	12	8	355	2023-09-25 13:07:06.781608
87	12	9	375	2023-09-25 13:07:06.781608
88	12	10	825	2023-09-25 13:07:06.781608
89	12	11	945	2023-09-25 13:07:06.781608
90	12	12	907	2023-09-25 13:07:06.781608
91	12	13	262	2023-09-25 13:07:06.781608
92	12	14	766	2023-09-25 13:07:06.781608
93	12	15	400	2023-09-25 13:07:06.781608
94	12	16	984	2023-09-25 13:07:06.781608
95	12	17	211	2023-09-25 13:07:06.781608
96	12	18	438	2023-09-25 13:07:06.781608
97	12	19	559	2023-09-25 13:07:06.781608
98	12	20	296	2023-09-25 13:07:06.781608
99	12	21	926	2023-09-25 13:07:06.781608
100	12	22	61	2023-09-25 13:07:06.781608
101	12	23	423	2023-09-25 13:07:06.781608
102	12	24	248	2023-09-25 13:07:06.781608
103	12	25	669	2023-09-25 13:07:06.781608
104	12	26	409	2023-09-25 13:07:06.781608
105	12	27	210	2023-09-25 13:07:06.781608
106	12	28	602	2023-09-25 13:07:06.781608
107	12	29	159	2023-09-25 13:07:06.781608
108	12	30	357	2023-09-25 13:07:06.781608
109	12	31	485	2023-09-25 13:07:06.781608
110	12	32	963	2023-09-25 13:07:06.781608
111	12	33	538	2023-09-25 13:07:06.781608
112	12	34	675	2023-09-25 13:07:06.781608
113	12	35	615	2023-09-25 13:07:06.781608
114	12	36	687	2023-09-25 13:07:06.781608
115	12	37	497	2023-09-25 13:07:06.781608
116	12	38	696	2023-09-25 13:07:06.781608
117	12	39	115	2023-09-25 13:07:06.781608
118	12	40	383	2023-09-25 13:07:06.781608
119	12	41	771	2023-09-25 13:07:06.781608
120	12	42	936	2023-09-25 13:07:06.781608
121	12	43	17	2023-09-25 13:07:06.781608
122	12	44	551	2023-09-25 13:07:06.781608
123	12	45	351	2023-09-25 13:07:06.781608
124	12	46	810	2023-09-25 13:07:06.781608
125	12	47	801	2023-09-25 13:07:06.781608
126	12	48	469	2023-09-25 13:07:06.781608
127	12	49	647	2023-09-25 13:07:06.781608
128	12	50	177	2023-09-25 13:07:06.781608
129	12	51	654	2023-09-25 13:07:06.781608
130	12	52	891	2023-09-25 13:07:06.781608
131	12	53	125	2023-09-25 13:07:06.781608
132	12	54	219	2023-09-25 13:07:06.781608
133	12	55	23	2023-09-25 13:07:06.781608
134	12	56	855	2023-09-25 13:07:06.781608
135	12	57	456	2023-09-25 13:07:06.781608
136	12	58	2	2023-09-25 13:07:06.781608
137	12	59	929	2023-09-25 13:07:06.781608
138	12	60	747	2023-09-25 13:07:06.781608
139	12	61	337	2023-09-25 13:07:06.781608
140	12	62	197	2023-09-25 13:07:06.781608
141	12	63	459	2023-09-25 13:07:06.781608
142	12	64	912	2023-09-25 13:07:06.781608
143	12	65	764	2023-09-25 13:07:06.781608
144	12	66	755	2023-09-25 13:07:06.781608
145	12	67	942	2023-09-25 13:07:06.781608
146	12	68	768	2023-09-25 13:07:06.781608
147	12	69	798	2023-09-25 13:07:06.781608
148	12	70	604	2023-09-25 13:07:06.781608
149	12	71	530	2023-09-25 13:07:06.781608
150	12	72	386	2023-09-25 13:07:06.781608
151	12	73	723	2023-09-25 13:07:06.781608
152	12	74	578	2023-09-25 13:07:06.781608
153	12	75	530	2023-09-25 13:07:06.781608
154	12	76	441	2023-09-25 13:07:06.781608
155	12	77	774	2023-09-25 13:07:06.781608
156	12	78	120	2023-09-25 13:07:06.781608
157	13	1	512	2023-09-25 13:07:06.781608
158	13	2	912	2023-09-25 13:07:06.781608
159	13	3	494	2023-09-25 13:07:06.781608
160	13	4	729	2023-09-25 13:07:06.781608
161	13	5	851	2023-09-25 13:07:06.781608
162	13	6	748	2023-09-25 13:07:06.781608
163	13	7	607	2023-09-25 13:07:06.781608
164	13	8	537	2023-09-25 13:07:06.781608
165	13	9	418	2023-09-25 13:07:06.781608
166	13	10	339	2023-09-25 13:07:06.781608
167	13	11	555	2023-09-25 13:07:06.781608
168	13	12	754	2023-09-25 13:07:06.781608
169	13	13	851	2023-09-25 13:07:06.781608
170	13	14	116	2023-09-25 13:07:06.781608
171	13	15	421	2023-09-25 13:07:06.781608
172	13	16	345	2023-09-25 13:07:06.781608
173	13	17	739	2023-09-25 13:07:06.781608
174	13	18	221	2023-09-25 13:07:06.781608
175	13	19	560	2023-09-25 13:07:06.781608
176	13	20	306	2023-09-25 13:07:06.781608
177	13	21	675	2023-09-25 13:07:06.781608
178	13	22	175	2023-09-25 13:07:06.781608
179	13	23	410	2023-09-25 13:07:06.781608
180	13	24	30	2023-09-25 13:07:06.781608
181	13	25	897	2023-09-25 13:07:06.781608
182	13	26	1000	2023-09-25 13:07:06.781608
183	13	27	482	2023-09-25 13:07:06.781608
184	13	28	757	2023-09-25 13:07:06.781608
185	13	29	175	2023-09-25 13:07:06.781608
186	13	30	815	2023-09-25 13:07:06.781608
187	13	31	697	2023-09-25 13:07:06.781608
188	13	32	158	2023-09-25 13:07:06.781608
189	13	33	984	2023-09-25 13:07:06.781608
190	13	34	372	2023-09-25 13:07:06.781608
191	13	35	934	2023-09-25 13:07:06.781608
192	13	36	17	2023-09-25 13:07:06.781608
193	13	37	202	2023-09-25 13:07:06.781608
194	13	38	260	2023-09-25 13:07:06.781608
195	13	39	874	2023-09-25 13:07:06.781608
196	13	40	557	2023-09-25 13:07:06.781608
197	13	41	948	2023-09-25 13:07:06.781608
198	13	42	119	2023-09-25 13:07:06.781608
199	13	43	954	2023-09-25 13:07:06.781608
200	13	44	367	2023-09-25 13:07:06.781608
201	13	45	296	2023-09-25 13:07:06.781608
202	13	46	382	2023-09-25 13:07:06.781608
203	13	47	205	2023-09-25 13:07:06.781608
204	13	48	620	2023-09-25 13:07:06.781608
205	13	49	874	2023-09-25 13:07:06.781608
206	13	50	153	2023-09-25 13:07:06.781608
207	13	51	26	2023-09-25 13:07:06.781608
208	13	52	460	2023-09-25 13:07:06.781608
209	13	53	716	2023-09-25 13:07:06.781608
210	13	54	304	2023-09-25 13:07:06.781608
211	13	55	868	2023-09-25 13:07:06.781608
212	13	56	51	2023-09-25 13:07:06.781608
213	13	57	461	2023-09-25 13:07:06.781608
214	13	58	908	2023-09-25 13:07:06.781608
215	13	59	804	2023-09-25 13:07:06.781608
216	13	60	108	2023-09-25 13:07:06.781608
217	13	61	500	2023-09-25 13:07:06.781608
218	13	62	385	2023-09-25 13:07:06.781608
219	13	63	791	2023-09-25 13:07:06.781608
220	13	64	182	2023-09-25 13:07:06.781608
221	13	65	60	2023-09-25 13:07:06.781608
222	13	66	250	2023-09-25 13:07:06.781608
223	13	67	803	2023-09-25 13:07:06.781608
224	13	68	851	2023-09-25 13:07:06.781608
225	13	69	366	2023-09-25 13:07:06.781608
226	13	70	81	2023-09-25 13:07:06.781608
227	13	71	393	2023-09-25 13:07:06.781608
228	13	72	302	2023-09-25 13:07:06.781608
229	13	73	914	2023-09-25 13:07:06.781608
230	13	74	982	2023-09-25 13:07:06.781608
231	13	75	324	2023-09-25 13:07:06.781608
232	13	76	856	2023-09-25 13:07:06.781608
233	13	77	858	2023-09-25 13:07:06.781608
234	13	78	763	2023-09-25 13:07:06.781608
235	14	1	964	2023-09-25 13:07:06.781608
236	14	2	336	2023-09-25 13:07:06.781608
237	14	3	329	2023-09-25 13:07:06.781608
238	14	4	672	2023-09-25 13:07:06.781608
239	14	5	6	2023-09-25 13:07:06.781608
240	14	6	146	2023-09-25 13:07:06.781608
241	14	7	62	2023-09-25 13:07:06.781608
242	14	8	568	2023-09-25 13:07:06.781608
243	14	9	530	2023-09-25 13:07:06.781608
244	14	10	596	2023-09-25 13:07:06.781608
245	14	11	570	2023-09-25 13:07:06.781608
246	14	12	966	2023-09-25 13:07:06.781608
247	14	13	707	2023-09-25 13:07:06.781608
248	14	14	724	2023-09-25 13:07:06.781608
249	14	15	593	2023-09-25 13:07:06.781608
250	14	16	482	2023-09-25 13:07:06.781608
251	14	17	784	2023-09-25 13:07:06.781608
252	14	18	250	2023-09-25 13:07:06.781608
253	14	19	200	2023-09-25 13:07:06.781608
254	14	20	779	2023-09-25 13:07:06.781608
255	14	21	834	2023-09-25 13:07:06.781608
256	14	22	732	2023-09-25 13:07:06.781608
257	14	23	341	2023-09-25 13:07:06.781608
258	14	24	413	2023-09-25 13:07:06.781608
259	14	25	81	2023-09-25 13:07:06.781608
260	14	26	646	2023-09-25 13:07:06.781608
261	14	27	440	2023-09-25 13:07:06.781608
262	14	28	733	2023-09-25 13:07:06.781608
263	14	29	897	2023-09-25 13:07:06.781608
264	14	30	368	2023-09-25 13:07:06.781608
265	14	31	604	2023-09-25 13:07:06.781608
266	14	32	731	2023-09-25 13:07:06.781608
267	14	33	520	2023-09-25 13:07:06.781608
268	14	34	578	2023-09-25 13:07:06.781608
269	14	35	877	2023-09-25 13:07:06.781608
270	14	36	36	2023-09-25 13:07:06.781608
271	14	37	766	2023-09-25 13:07:06.781608
272	14	38	940	2023-09-25 13:07:06.781608
273	14	39	866	2023-09-25 13:07:06.781608
274	14	40	808	2023-09-25 13:07:06.781608
275	14	41	901	2023-09-25 13:07:06.781608
276	14	42	143	2023-09-25 13:07:06.781608
277	14	43	504	2023-09-25 13:07:06.781608
278	14	44	505	2023-09-25 13:07:06.781608
279	14	45	97	2023-09-25 13:07:06.781608
280	14	46	86	2023-09-25 13:07:06.781608
281	14	47	421	2023-09-25 13:07:06.781608
282	14	48	450	2023-09-25 13:07:06.781608
283	14	49	679	2023-09-25 13:07:06.781608
284	14	50	884	2023-09-25 13:07:06.781608
285	14	51	662	2023-09-25 13:07:06.781608
286	14	52	831	2023-09-25 13:07:06.781608
287	14	53	391	2023-09-25 13:07:06.781608
288	14	54	888	2023-09-25 13:07:06.781608
289	14	55	482	2023-09-25 13:07:06.781608
290	14	56	674	2023-09-25 13:07:06.781608
291	14	57	84	2023-09-25 13:07:06.781608
292	14	58	476	2023-09-25 13:07:06.781608
293	14	59	906	2023-09-25 13:07:06.781608
294	14	60	281	2023-09-25 13:07:06.781608
295	14	61	463	2023-09-25 13:07:06.781608
296	14	62	343	2023-09-25 13:07:06.781608
297	14	63	167	2023-09-25 13:07:06.781608
298	14	64	220	2023-09-25 13:07:06.781608
299	14	65	239	2023-09-25 13:07:06.781608
300	14	66	377	2023-09-25 13:07:06.781608
301	14	67	198	2023-09-25 13:07:06.781608
302	14	68	945	2023-09-25 13:07:06.781608
303	14	69	408	2023-09-25 13:07:06.781608
304	14	70	402	2023-09-25 13:07:06.781608
305	14	71	23	2023-09-25 13:07:06.781608
306	14	72	330	2023-09-25 13:07:06.781608
307	14	73	499	2023-09-25 13:07:06.781608
308	14	74	463	2023-09-25 13:07:06.781608
309	14	75	145	2023-09-25 13:07:06.781608
310	14	76	326	2023-09-25 13:07:06.781608
311	14	77	759	2023-09-25 13:07:06.781608
312	14	78	591	2023-09-25 13:07:06.781608
313	15	1	304	2023-09-25 13:07:06.781608
314	15	2	800	2023-09-25 13:07:06.781608
315	15	3	151	2023-09-25 13:07:06.781608
316	15	4	892	2023-09-25 13:07:06.781608
317	15	5	149	2023-09-25 13:07:06.781608
318	15	6	544	2023-09-25 13:07:06.781608
319	15	7	186	2023-09-25 13:07:06.781608
320	15	8	27	2023-09-25 13:07:06.781608
321	15	9	273	2023-09-25 13:07:06.781608
322	15	10	34	2023-09-25 13:07:06.781608
323	15	11	358	2023-09-25 13:07:06.781608
324	15	12	130	2023-09-25 13:07:06.781608
325	15	13	469	2023-09-25 13:07:06.781608
326	15	14	675	2023-09-25 13:07:06.781608
327	15	15	977	2023-09-25 13:07:06.781608
328	15	16	531	2023-09-25 13:07:06.781608
329	15	17	232	2023-09-25 13:07:06.781608
330	15	18	849	2023-09-25 13:07:06.781608
331	15	19	461	2023-09-25 13:07:06.781608
332	15	20	309	2023-09-25 13:07:06.781608
333	15	21	186	2023-09-25 13:07:06.781608
334	15	22	765	2023-09-25 13:07:06.781608
335	15	23	520	2023-09-25 13:07:06.781608
336	15	24	375	2023-09-25 13:07:06.781608
337	15	25	771	2023-09-25 13:07:06.781608
338	15	26	80	2023-09-25 13:07:06.781608
339	15	27	778	2023-09-25 13:07:06.781608
340	15	28	886	2023-09-25 13:07:06.781608
341	15	29	976	2023-09-25 13:07:06.781608
342	15	30	898	2023-09-25 13:07:06.781608
343	15	31	209	2023-09-25 13:07:06.781608
344	15	32	174	2023-09-25 13:07:06.781608
345	15	33	35	2023-09-25 13:07:06.781608
346	15	34	615	2023-09-25 13:07:06.781608
347	15	35	622	2023-09-25 13:07:06.781608
348	15	36	858	2023-09-25 13:07:06.781608
349	15	37	397	2023-09-25 13:07:06.781608
350	15	38	264	2023-09-25 13:07:06.781608
351	15	39	491	2023-09-25 13:07:06.781608
352	15	40	315	2023-09-25 13:07:06.781608
353	15	41	382	2023-09-25 13:07:06.781608
354	15	42	342	2023-09-25 13:07:06.781608
355	15	43	556	2023-09-25 13:07:06.781608
356	15	44	627	2023-09-25 13:07:06.781608
357	15	45	164	2023-09-25 13:07:06.781608
358	15	46	576	2023-09-25 13:07:06.781608
359	15	47	278	2023-09-25 13:07:06.781608
360	15	48	351	2023-09-25 13:07:06.781608
361	15	49	918	2023-09-25 13:07:06.781608
362	15	50	634	2023-09-25 13:07:06.781608
363	15	51	839	2023-09-25 13:07:06.781608
364	15	52	992	2023-09-25 13:07:06.781608
365	15	53	461	2023-09-25 13:07:06.781608
366	15	54	313	2023-09-25 13:07:06.781608
367	15	55	566	2023-09-25 13:07:06.781608
368	15	56	763	2023-09-25 13:07:06.781608
369	15	57	808	2023-09-25 13:07:06.781608
370	15	58	439	2023-09-25 13:07:06.781608
371	15	59	597	2023-09-25 13:07:06.781608
372	15	60	615	2023-09-25 13:07:06.781608
373	15	61	906	2023-09-25 13:07:06.781608
374	15	62	232	2023-09-25 13:07:06.781608
375	15	63	907	2023-09-25 13:07:06.781608
376	15	64	533	2023-09-25 13:07:06.781608
377	15	65	152	2023-09-25 13:07:06.781608
378	15	66	708	2023-09-25 13:07:06.781608
379	15	67	510	2023-09-25 13:07:06.781608
380	15	68	780	2023-09-25 13:07:06.781608
381	15	69	236	2023-09-25 13:07:06.781608
382	15	70	296	2023-09-25 13:07:06.781608
383	15	71	333	2023-09-25 13:07:06.781608
384	15	72	72	2023-09-25 13:07:06.781608
385	15	73	473	2023-09-25 13:07:06.781608
386	15	74	923	2023-09-25 13:07:06.781608
387	15	75	710	2023-09-25 13:07:06.781608
388	15	76	179	2023-09-25 13:07:06.781608
389	15	77	94	2023-09-25 13:07:06.781608
390	15	78	669	2023-09-25 13:07:06.781608
391	16	1	430	2023-09-25 13:07:06.781608
392	16	2	103	2023-09-25 13:07:06.781608
393	16	3	556	2023-09-25 13:07:06.781608
394	16	4	717	2023-09-25 13:07:06.781608
395	16	5	122	2023-09-25 13:07:06.781608
396	16	6	999	2023-09-25 13:07:06.781608
397	16	7	588	2023-09-25 13:07:06.781608
398	16	8	707	2023-09-25 13:07:06.781608
399	16	9	519	2023-09-25 13:07:06.781608
400	16	10	278	2023-09-25 13:07:06.781608
401	16	11	437	2023-09-25 13:07:06.781608
402	16	12	152	2023-09-25 13:07:06.781608
403	16	13	739	2023-09-25 13:07:06.781608
404	16	14	564	2023-09-25 13:07:06.781608
405	16	15	441	2023-09-25 13:07:06.781608
406	16	16	956	2023-09-25 13:07:06.781608
407	16	17	339	2023-09-25 13:07:06.781608
408	16	18	448	2023-09-25 13:07:06.781608
409	16	19	844	2023-09-25 13:07:06.781608
410	16	20	34	2023-09-25 13:07:06.781608
411	16	21	154	2023-09-25 13:07:06.781608
412	16	22	379	2023-09-25 13:07:06.781608
413	16	23	599	2023-09-25 13:07:06.781608
414	16	24	984	2023-09-25 13:07:06.781608
415	16	25	180	2023-09-25 13:07:06.781608
416	16	26	701	2023-09-25 13:07:06.781608
417	16	27	298	2023-09-25 13:07:06.781608
418	16	28	760	2023-09-25 13:07:06.781608
419	16	29	212	2023-09-25 13:07:06.781608
420	16	30	489	2023-09-25 13:07:06.781608
421	16	31	185	2023-09-25 13:07:06.781608
422	16	32	522	2023-09-25 13:07:06.781608
423	16	33	161	2023-09-25 13:07:06.781608
424	16	34	517	2023-09-25 13:07:06.781608
425	16	35	358	2023-09-25 13:07:06.781608
426	16	36	589	2023-09-25 13:07:06.781608
427	16	37	849	2023-09-25 13:07:06.781608
428	16	38	682	2023-09-25 13:07:06.781608
429	16	39	507	2023-09-25 13:07:06.781608
430	16	40	792	2023-09-25 13:07:06.781608
431	16	41	221	2023-09-25 13:07:06.781608
432	16	42	663	2023-09-25 13:07:06.781608
433	16	43	223	2023-09-25 13:07:06.781608
434	16	44	884	2023-09-25 13:07:06.781608
435	16	45	990	2023-09-25 13:07:06.781608
436	16	46	237	2023-09-25 13:07:06.781608
437	16	47	669	2023-09-25 13:07:06.781608
438	16	48	81	2023-09-25 13:07:06.781608
439	16	49	456	2023-09-25 13:07:06.781608
440	16	50	698	2023-09-25 13:07:06.781608
441	16	51	12	2023-09-25 13:07:06.781608
442	16	52	858	2023-09-25 13:07:06.781608
443	16	53	913	2023-09-25 13:07:06.781608
444	16	54	564	2023-09-25 13:07:06.781608
445	16	55	990	2023-09-25 13:07:06.781608
446	16	56	596	2023-09-25 13:07:06.781608
447	16	57	615	2023-09-25 13:07:06.781608
448	16	58	325	2023-09-25 13:07:06.781608
449	16	59	556	2023-09-25 13:07:06.781608
450	16	60	552	2023-09-25 13:07:06.781608
451	16	61	605	2023-09-25 13:07:06.781608
452	16	62	334	2023-09-25 13:07:06.781608
453	16	63	46	2023-09-25 13:07:06.781608
454	16	64	379	2023-09-25 13:07:06.781608
455	16	65	933	2023-09-25 13:07:06.781608
456	16	66	166	2023-09-25 13:07:06.781608
457	16	67	483	2023-09-25 13:07:06.781608
458	16	68	324	2023-09-25 13:07:06.781608
459	16	69	481	2023-09-25 13:07:06.781608
460	16	70	404	2023-09-25 13:07:06.781608
461	16	71	665	2023-09-25 13:07:06.781608
462	16	72	618	2023-09-25 13:07:06.781608
463	16	73	995	2023-09-25 13:07:06.781608
464	16	74	886	2023-09-25 13:07:06.781608
465	16	75	675	2023-09-25 13:07:06.781608
466	16	76	906	2023-09-25 13:07:06.781608
467	16	77	257	2023-09-25 13:07:06.781608
468	16	78	142	2023-09-25 13:07:06.781608
469	17	1	596	2023-09-25 13:07:06.781608
470	17	2	953	2023-09-25 13:07:06.781608
471	17	3	982	2023-09-25 13:07:06.781608
472	17	4	74	2023-09-25 13:07:06.781608
473	17	5	961	2023-09-25 13:07:06.781608
474	17	6	177	2023-09-25 13:07:06.781608
475	17	7	944	2023-09-25 13:07:06.781608
476	17	8	552	2023-09-25 13:07:06.781608
477	17	9	907	2023-09-25 13:07:06.781608
478	17	10	534	2023-09-25 13:07:06.781608
479	17	11	495	2023-09-25 13:07:06.781608
480	17	12	664	2023-09-25 13:07:06.781608
481	17	13	14	2023-09-25 13:07:06.781608
482	17	14	150	2023-09-25 13:07:06.781608
483	17	15	665	2023-09-25 13:07:06.781608
484	17	16	932	2023-09-25 13:07:06.781608
485	17	17	390	2023-09-25 13:07:06.781608
486	17	18	405	2023-09-25 13:07:06.781608
487	17	19	111	2023-09-25 13:07:06.781608
488	17	20	209	2023-09-25 13:07:06.781608
489	17	21	996	2023-09-25 13:07:06.781608
490	17	22	313	2023-09-25 13:07:06.781608
491	17	23	447	2023-09-25 13:07:06.781608
492	17	24	678	2023-09-25 13:07:06.781608
493	17	25	358	2023-09-25 13:07:06.781608
494	17	26	498	2023-09-25 13:07:06.781608
495	17	27	984	2023-09-25 13:07:06.781608
496	17	28	803	2023-09-25 13:07:06.781608
497	17	29	442	2023-09-25 13:07:06.781608
498	17	30	407	2023-09-25 13:07:06.781608
499	17	31	243	2023-09-25 13:07:06.781608
500	17	32	241	2023-09-25 13:07:06.781608
501	17	33	296	2023-09-25 13:07:06.781608
502	17	34	901	2023-09-25 13:07:06.781608
503	17	35	81	2023-09-25 13:07:06.781608
504	17	36	998	2023-09-25 13:07:06.781608
505	17	37	253	2023-09-25 13:07:06.781608
506	17	38	892	2023-09-25 13:07:06.781608
507	17	39	157	2023-09-25 13:07:06.781608
508	17	40	161	2023-09-25 13:07:06.781608
509	17	41	729	2023-09-25 13:07:06.781608
510	17	42	354	2023-09-25 13:07:06.781608
511	17	43	104	2023-09-25 13:07:06.781608
512	17	44	616	2023-09-25 13:07:06.781608
513	17	45	407	2023-09-25 13:07:06.781608
514	17	46	873	2023-09-25 13:07:06.781608
515	17	47	290	2023-09-25 13:07:06.781608
516	17	48	599	2023-09-25 13:07:06.781608
517	17	49	551	2023-09-25 13:07:06.781608
518	17	50	860	2023-09-25 13:07:06.781608
519	17	51	751	2023-09-25 13:07:06.781608
520	17	52	996	2023-09-25 13:07:06.781608
521	17	53	223	2023-09-25 13:07:06.781608
522	17	54	5	2023-09-25 13:07:06.781608
523	17	55	627	2023-09-25 13:07:06.781608
524	17	56	726	2023-09-25 13:07:06.781608
525	17	57	779	2023-09-25 13:07:06.781608
526	17	58	122	2023-09-25 13:07:06.781608
527	17	59	734	2023-09-25 13:07:06.781608
528	17	60	803	2023-09-25 13:07:06.781608
529	17	61	536	2023-09-25 13:07:06.781608
530	17	62	941	2023-09-25 13:07:06.781608
531	17	63	172	2023-09-25 13:07:06.781608
532	17	64	927	2023-09-25 13:07:06.781608
533	17	65	408	2023-09-25 13:07:06.781608
534	17	66	75	2023-09-25 13:07:06.781608
535	17	67	890	2023-09-25 13:07:06.781608
536	17	68	227	2023-09-25 13:07:06.781608
537	17	69	190	2023-09-25 13:07:06.781608
538	17	70	237	2023-09-25 13:07:06.781608
539	17	71	838	2023-09-25 13:07:06.781608
540	17	72	749	2023-09-25 13:07:06.781608
541	17	73	552	2023-09-25 13:07:06.781608
542	17	74	108	2023-09-25 13:07:06.781608
543	17	75	792	2023-09-25 13:07:06.781608
544	17	76	76	2023-09-25 13:07:06.781608
545	17	77	606	2023-09-25 13:07:06.781608
546	17	78	205	2023-09-25 13:07:06.781608
547	18	1	685	2023-09-25 13:07:06.781608
548	18	2	182	2023-09-25 13:07:06.781608
549	18	3	576	2023-09-25 13:07:06.781608
550	18	4	720	2023-09-25 13:07:06.781608
551	18	5	503	2023-09-25 13:07:06.781608
552	18	6	12	2023-09-25 13:07:06.781608
553	18	7	2	2023-09-25 13:07:06.781608
554	18	8	146	2023-09-25 13:07:06.781608
555	18	9	751	2023-09-25 13:07:06.781608
556	18	10	938	2023-09-25 13:07:06.781608
557	18	11	274	2023-09-25 13:07:06.781608
558	18	12	245	2023-09-25 13:07:06.781608
559	18	13	513	2023-09-25 13:07:06.781608
560	18	14	914	2023-09-25 13:07:06.781608
561	18	15	67	2023-09-25 13:07:06.781608
562	18	16	496	2023-09-25 13:07:06.781608
563	18	17	67	2023-09-25 13:07:06.781608
564	18	18	53	2023-09-25 13:07:06.781608
565	18	19	456	2023-09-25 13:07:06.781608
566	18	20	977	2023-09-25 13:07:06.781608
567	18	21	412	2023-09-25 13:07:06.781608
568	18	22	164	2023-09-25 13:07:06.781608
569	18	23	453	2023-09-25 13:07:06.781608
570	18	24	962	2023-09-25 13:07:06.781608
571	18	25	455	2023-09-25 13:07:06.781608
572	18	26	322	2023-09-25 13:07:06.781608
573	18	27	485	2023-09-25 13:07:06.781608
574	18	28	497	2023-09-25 13:07:06.781608
575	18	29	597	2023-09-25 13:07:06.781608
576	18	30	471	2023-09-25 13:07:06.781608
577	18	31	546	2023-09-25 13:07:06.781608
578	18	32	369	2023-09-25 13:07:06.781608
579	18	33	356	2023-09-25 13:07:06.781608
580	18	34	790	2023-09-25 13:07:06.781608
581	18	35	403	2023-09-25 13:07:06.781608
582	18	36	247	2023-09-25 13:07:06.781608
583	18	37	126	2023-09-25 13:07:06.781608
584	18	38	673	2023-09-25 13:07:06.781608
585	18	39	323	2023-09-25 13:07:06.781608
586	18	40	29	2023-09-25 13:07:06.781608
587	18	41	232	2023-09-25 13:07:06.781608
588	18	42	745	2023-09-25 13:07:06.781608
589	18	43	303	2023-09-25 13:07:06.781608
590	18	44	438	2023-09-25 13:07:06.781608
591	18	45	871	2023-09-25 13:07:06.781608
592	18	46	890	2023-09-25 13:07:06.781608
593	18	47	1000	2023-09-25 13:07:06.781608
594	18	48	696	2023-09-25 13:07:06.781608
595	18	49	71	2023-09-25 13:07:06.781608
596	18	50	474	2023-09-25 13:07:06.781608
597	18	51	504	2023-09-25 13:07:06.781608
598	18	52	181	2023-09-25 13:07:06.781608
599	18	53	276	2023-09-25 13:07:06.781608
600	18	54	266	2023-09-25 13:07:06.781608
601	18	55	376	2023-09-25 13:07:06.781608
602	18	56	772	2023-09-25 13:07:06.781608
603	18	57	138	2023-09-25 13:07:06.781608
604	18	58	299	2023-09-25 13:07:06.781608
605	18	59	905	2023-09-25 13:07:06.781608
606	18	60	344	2023-09-25 13:07:06.781608
607	18	61	366	2023-09-25 13:07:06.781608
608	18	62	516	2023-09-25 13:07:06.781608
609	18	63	442	2023-09-25 13:07:06.781608
610	18	64	277	2023-09-25 13:07:06.781608
611	18	65	392	2023-09-25 13:07:06.781608
612	18	66	293	2023-09-25 13:07:06.781608
613	18	67	616	2023-09-25 13:07:06.781608
614	18	68	985	2023-09-25 13:07:06.781608
615	18	69	113	2023-09-25 13:07:06.781608
616	18	70	467	2023-09-25 13:07:06.781608
617	18	71	868	2023-09-25 13:07:06.781608
618	18	72	244	2023-09-25 13:07:06.781608
619	18	73	917	2023-09-25 13:07:06.781608
620	18	74	402	2023-09-25 13:07:06.781608
621	18	75	610	2023-09-25 13:07:06.781608
622	18	76	402	2023-09-25 13:07:06.781608
623	18	77	938	2023-09-25 13:07:06.781608
624	18	78	771	2023-09-25 13:07:06.781608
625	19	1	436	2023-09-25 13:07:06.781608
626	19	2	629	2023-09-25 13:07:06.781608
627	19	3	329	2023-09-25 13:07:06.781608
628	19	4	644	2023-09-25 13:07:06.781608
629	19	5	642	2023-09-25 13:07:06.781608
630	19	6	744	2023-09-25 13:07:06.781608
631	19	7	862	2023-09-25 13:07:06.781608
632	19	8	41	2023-09-25 13:07:06.781608
633	19	9	369	2023-09-25 13:07:06.781608
634	19	10	511	2023-09-25 13:07:06.781608
635	19	11	336	2023-09-25 13:07:06.781608
636	19	12	440	2023-09-25 13:07:06.781608
637	19	13	166	2023-09-25 13:07:06.781608
638	19	14	881	2023-09-25 13:07:06.781608
639	19	15	852	2023-09-25 13:07:06.781608
640	19	16	697	2023-09-25 13:07:06.781608
641	19	17	754	2023-09-25 13:07:06.781608
642	19	18	363	2023-09-25 13:07:06.781608
643	19	19	560	2023-09-25 13:07:06.781608
644	19	20	126	2023-09-25 13:07:06.781608
645	19	21	291	2023-09-25 13:07:06.781608
646	19	22	711	2023-09-25 13:07:06.781608
647	19	23	933	2023-09-25 13:07:06.781608
648	19	24	943	2023-09-25 13:07:06.781608
649	19	25	942	2023-09-25 13:07:06.781608
650	19	26	433	2023-09-25 13:07:06.781608
651	19	27	273	2023-09-25 13:07:06.781608
652	19	28	185	2023-09-25 13:07:06.781608
653	19	29	101	2023-09-25 13:07:06.781608
654	19	30	358	2023-09-25 13:07:06.781608
655	19	31	951	2023-09-25 13:07:06.781608
656	19	32	408	2023-09-25 13:07:06.781608
657	19	33	905	2023-09-25 13:07:06.781608
658	19	34	810	2023-09-25 13:07:06.781608
659	19	35	914	2023-09-25 13:07:06.781608
660	19	36	739	2023-09-25 13:07:06.781608
661	19	37	807	2023-09-25 13:07:06.781608
662	19	38	812	2023-09-25 13:07:06.781608
663	19	39	278	2023-09-25 13:07:06.781608
664	19	40	157	2023-09-25 13:07:06.781608
665	19	41	989	2023-09-25 13:07:06.781608
666	19	42	612	2023-09-25 13:07:06.781608
667	19	43	144	2023-09-25 13:07:06.781608
668	19	44	427	2023-09-25 13:07:06.781608
669	19	45	268	2023-09-25 13:07:06.781608
670	19	46	358	2023-09-25 13:07:06.781608
671	19	47	312	2023-09-25 13:07:06.781608
672	19	48	974	2023-09-25 13:07:06.781608
673	19	49	434	2023-09-25 13:07:06.781608
674	19	50	799	2023-09-25 13:07:06.781608
675	19	51	695	2023-09-25 13:07:06.781608
676	19	52	862	2023-09-25 13:07:06.781608
677	19	53	410	2023-09-25 13:07:06.781608
678	19	54	817	2023-09-25 13:07:06.781608
679	19	55	385	2023-09-25 13:07:06.781608
680	19	56	51	2023-09-25 13:07:06.781608
681	19	57	303	2023-09-25 13:07:06.781608
682	19	58	548	2023-09-25 13:07:06.781608
683	19	59	488	2023-09-25 13:07:06.781608
684	19	60	491	2023-09-25 13:07:06.781608
685	19	61	924	2023-09-25 13:07:06.781608
686	19	62	992	2023-09-25 13:07:06.781608
687	19	63	539	2023-09-25 13:07:06.781608
688	19	64	468	2023-09-25 13:07:06.781608
689	19	65	185	2023-09-25 13:07:06.781608
690	19	66	765	2023-09-25 13:07:06.781608
691	19	67	306	2023-09-25 13:07:06.781608
692	19	68	814	2023-09-25 13:07:06.781608
693	19	69	430	2023-09-25 13:07:06.781608
694	19	70	913	2023-09-25 13:07:06.781608
695	19	71	715	2023-09-25 13:07:06.781608
696	19	72	134	2023-09-25 13:07:06.781608
697	19	73	147	2023-09-25 13:07:06.781608
698	19	74	291	2023-09-25 13:07:06.781608
699	19	75	813	2023-09-25 13:07:06.781608
700	19	76	616	2023-09-25 13:07:06.781608
701	19	77	980	2023-09-25 13:07:06.781608
702	19	78	457	2023-09-25 13:07:06.781608
703	20	1	81	2023-09-25 13:07:06.781608
704	20	2	206	2023-09-25 13:07:06.781608
705	20	3	942	2023-09-25 13:07:06.781608
706	20	4	575	2023-09-25 13:07:06.781608
707	20	5	889	2023-09-25 13:07:06.781608
708	20	6	77	2023-09-25 13:07:06.781608
709	20	7	374	2023-09-25 13:07:06.781608
710	20	8	645	2023-09-25 13:07:06.781608
711	20	9	566	2023-09-25 13:07:06.781608
712	20	10	326	2023-09-25 13:07:06.781608
713	20	11	380	2023-09-25 13:07:06.781608
714	20	12	113	2023-09-25 13:07:06.781608
715	20	13	9	2023-09-25 13:07:06.781608
716	20	14	351	2023-09-25 13:07:06.781608
717	20	15	263	2023-09-25 13:07:06.781608
718	20	16	475	2023-09-25 13:07:06.781608
719	20	17	223	2023-09-25 13:07:06.781608
720	20	18	409	2023-09-25 13:07:06.781608
721	20	19	135	2023-09-25 13:07:06.781608
722	20	20	748	2023-09-25 13:07:06.781608
723	20	21	920	2023-09-25 13:07:06.781608
724	20	22	495	2023-09-25 13:07:06.781608
725	20	23	423	2023-09-25 13:07:06.781608
726	20	24	448	2023-09-25 13:07:06.781608
727	20	25	659	2023-09-25 13:07:06.781608
728	20	26	145	2023-09-25 13:07:06.781608
729	20	27	968	2023-09-25 13:07:06.781608
730	20	28	1	2023-09-25 13:07:06.781608
731	20	29	935	2023-09-25 13:07:06.781608
732	20	30	439	2023-09-25 13:07:06.781608
733	20	31	922	2023-09-25 13:07:06.781608
734	20	32	38	2023-09-25 13:07:06.781608
735	20	33	642	2023-09-25 13:07:06.781608
736	20	34	804	2023-09-25 13:07:06.781608
737	20	35	526	2023-09-25 13:07:06.781608
738	20	36	974	2023-09-25 13:07:06.781608
739	20	37	987	2023-09-25 13:07:06.781608
740	20	38	3	2023-09-25 13:07:06.781608
741	20	39	84	2023-09-25 13:07:06.781608
742	20	40	251	2023-09-25 13:07:06.781608
743	20	41	952	2023-09-25 13:07:06.781608
744	20	42	418	2023-09-25 13:07:06.781608
745	20	43	392	2023-09-25 13:07:06.781608
746	20	44	992	2023-09-25 13:07:06.781608
747	20	45	995	2023-09-25 13:07:06.781608
748	20	46	858	2023-09-25 13:07:06.781608
749	20	47	331	2023-09-25 13:07:06.781608
750	20	48	46	2023-09-25 13:07:06.781608
751	20	49	674	2023-09-25 13:07:06.781608
752	20	50	926	2023-09-25 13:07:06.781608
753	20	51	54	2023-09-25 13:07:06.781608
754	20	52	89	2023-09-25 13:07:06.781608
755	20	53	188	2023-09-25 13:07:06.781608
756	20	54	718	2023-09-25 13:07:06.781608
757	20	55	992	2023-09-25 13:07:06.781608
758	20	56	862	2023-09-25 13:07:06.781608
759	20	57	459	2023-09-25 13:07:06.781608
760	20	58	408	2023-09-25 13:07:06.781608
761	20	59	791	2023-09-25 13:07:06.781608
762	20	60	640	2023-09-25 13:07:06.781608
763	20	61	794	2023-09-25 13:07:06.781608
764	20	62	974	2023-09-25 13:07:06.781608
765	20	63	103	2023-09-25 13:07:06.781608
766	20	64	686	2023-09-25 13:07:06.781608
767	20	65	684	2023-09-25 13:07:06.781608
768	20	66	98	2023-09-25 13:07:06.781608
769	20	67	276	2023-09-25 13:07:06.781608
770	20	68	921	2023-09-25 13:07:06.781608
771	20	69	877	2023-09-25 13:07:06.781608
772	20	70	456	2023-09-25 13:07:06.781608
773	20	71	108	2023-09-25 13:07:06.781608
774	20	72	119	2023-09-25 13:07:06.781608
775	20	73	89	2023-09-25 13:07:06.781608
776	20	74	478	2023-09-25 13:07:06.781608
777	20	75	857	2023-09-25 13:07:06.781608
778	20	76	158	2023-09-25 13:07:06.781608
779	20	77	203	2023-09-25 13:07:06.781608
780	20	78	996	2023-09-25 13:07:06.781608
781	21	1	81	2023-09-25 13:07:06.781608
782	21	2	659	2023-09-25 13:07:06.781608
783	21	3	195	2023-09-25 13:07:06.781608
784	21	4	375	2023-09-25 13:07:06.781608
785	21	5	54	2023-09-25 13:07:06.781608
786	21	6	665	2023-09-25 13:07:06.781608
787	21	7	691	2023-09-25 13:07:06.781608
788	21	8	982	2023-09-25 13:07:06.781608
789	21	9	782	2023-09-25 13:07:06.781608
790	21	10	19	2023-09-25 13:07:06.781608
791	21	11	772	2023-09-25 13:07:06.781608
792	21	12	678	2023-09-25 13:07:06.781608
793	21	13	813	2023-09-25 13:07:06.781608
794	21	14	5	2023-09-25 13:07:06.781608
795	21	15	410	2023-09-25 13:07:06.781608
796	21	16	167	2023-09-25 13:07:06.781608
797	21	17	418	2023-09-25 13:07:06.781608
798	21	18	586	2023-09-25 13:07:06.781608
799	21	19	646	2023-09-25 13:07:06.781608
800	21	20	933	2023-09-25 13:07:06.781608
801	21	21	447	2023-09-25 13:07:06.781608
802	21	22	702	2023-09-25 13:07:06.781608
803	21	23	87	2023-09-25 13:07:06.781608
804	21	24	564	2023-09-25 13:07:06.781608
805	21	25	438	2023-09-25 13:07:06.781608
806	21	26	312	2023-09-25 13:07:06.781608
807	21	27	405	2023-09-25 13:07:06.781608
808	21	28	879	2023-09-25 13:07:06.781608
809	21	29	997	2023-09-25 13:07:06.781608
810	21	30	967	2023-09-25 13:07:06.781608
811	21	31	800	2023-09-25 13:07:06.781608
812	21	32	389	2023-09-25 13:07:06.781608
813	21	33	110	2023-09-25 13:07:06.781608
814	21	34	205	2023-09-25 13:07:06.781608
815	21	35	952	2023-09-25 13:07:06.781608
816	21	36	664	2023-09-25 13:07:06.781608
817	21	37	953	2023-09-25 13:07:06.781608
818	21	38	7	2023-09-25 13:07:06.781608
819	21	39	836	2023-09-25 13:07:06.781608
820	21	40	656	2023-09-25 13:07:06.781608
821	21	41	860	2023-09-25 13:07:06.781608
822	21	42	262	2023-09-25 13:07:06.781608
823	21	43	363	2023-09-25 13:07:06.781608
824	21	44	336	2023-09-25 13:07:06.781608
825	21	45	880	2023-09-25 13:07:06.781608
826	21	46	9	2023-09-25 13:07:06.781608
827	21	47	740	2023-09-25 13:07:06.781608
828	21	48	222	2023-09-25 13:07:06.781608
829	21	49	597	2023-09-25 13:07:06.781608
830	21	50	205	2023-09-25 13:07:06.781608
831	21	51	245	2023-09-25 13:07:06.781608
832	21	52	987	2023-09-25 13:07:06.781608
833	21	53	548	2023-09-25 13:07:06.781608
834	21	54	577	2023-09-25 13:07:06.781608
835	21	55	177	2023-09-25 13:07:06.781608
836	21	56	764	2023-09-25 13:07:06.781608
837	21	57	317	2023-09-25 13:07:06.781608
838	21	58	570	2023-09-25 13:07:06.781608
839	21	59	627	2023-09-25 13:07:06.781608
840	21	60	800	2023-09-25 13:07:06.781608
841	21	61	540	2023-09-25 13:07:06.781608
842	21	62	437	2023-09-25 13:07:06.781608
843	21	63	595	2023-09-25 13:07:06.781608
844	21	64	451	2023-09-25 13:07:06.781608
845	21	65	285	2023-09-25 13:07:06.781608
846	21	66	786	2023-09-25 13:07:06.781608
847	21	67	436	2023-09-25 13:07:06.781608
848	21	68	117	2023-09-25 13:07:06.781608
849	21	69	190	2023-09-25 13:07:06.781608
850	21	70	526	2023-09-25 13:07:06.781608
851	21	71	595	2023-09-25 13:07:06.781608
852	21	72	815	2023-09-25 13:07:06.781608
853	21	73	22	2023-09-25 13:07:06.781608
854	21	74	663	2023-09-25 13:07:06.781608
855	21	75	767	2023-09-25 13:07:06.781608
856	21	76	577	2023-09-25 13:07:06.781608
857	21	77	922	2023-09-25 13:07:06.781608
858	21	78	150	2023-09-25 13:07:06.781608
859	22	1	570	2023-09-25 13:07:06.781608
860	22	2	650	2023-09-25 13:07:06.781608
861	22	3	120	2023-09-25 13:07:06.781608
862	22	4	301	2023-09-25 13:07:06.781608
863	22	5	506	2023-09-25 13:07:06.781608
864	22	6	308	2023-09-25 13:07:06.781608
865	22	7	707	2023-09-25 13:07:06.781608
866	22	8	759	2023-09-25 13:07:06.781608
867	22	9	434	2023-09-25 13:07:06.781608
868	22	10	599	2023-09-25 13:07:06.781608
869	22	11	654	2023-09-25 13:07:06.781608
870	22	12	838	2023-09-25 13:07:06.781608
871	22	13	318	2023-09-25 13:07:06.781608
872	22	14	141	2023-09-25 13:07:06.781608
873	22	15	411	2023-09-25 13:07:06.781608
874	22	16	30	2023-09-25 13:07:06.781608
875	22	17	202	2023-09-25 13:07:06.781608
876	22	18	454	2023-09-25 13:07:06.781608
877	22	19	562	2023-09-25 13:07:06.781608
878	22	20	573	2023-09-25 13:07:06.781608
879	22	21	665	2023-09-25 13:07:06.781608
880	22	22	815	2023-09-25 13:07:06.781608
881	22	23	262	2023-09-25 13:07:06.781608
882	22	24	383	2023-09-25 13:07:06.781608
883	22	25	783	2023-09-25 13:07:06.781608
884	22	26	102	2023-09-25 13:07:06.781608
885	22	27	938	2023-09-25 13:07:06.781608
886	22	28	968	2023-09-25 13:07:06.781608
887	22	29	318	2023-09-25 13:07:06.781608
888	22	30	195	2023-09-25 13:07:06.781608
889	22	31	532	2023-09-25 13:07:06.781608
890	22	32	732	2023-09-25 13:07:06.781608
891	22	33	577	2023-09-25 13:07:06.781608
892	22	34	468	2023-09-25 13:07:06.781608
893	22	35	579	2023-09-25 13:07:06.781608
894	22	36	739	2023-09-25 13:07:06.781608
895	22	37	765	2023-09-25 13:07:06.781608
896	22	38	581	2023-09-25 13:07:06.781608
897	22	39	799	2023-09-25 13:07:06.781608
898	22	40	279	2023-09-25 13:07:06.781608
899	22	41	371	2023-09-25 13:07:06.781608
900	22	42	787	2023-09-25 13:07:06.781608
901	22	43	522	2023-09-25 13:07:06.781608
902	22	44	752	2023-09-25 13:07:06.781608
903	22	45	19	2023-09-25 13:07:06.781608
904	22	46	301	2023-09-25 13:07:06.781608
905	22	47	823	2023-09-25 13:07:06.781608
906	22	48	437	2023-09-25 13:07:06.781608
907	22	49	626	2023-09-25 13:07:06.781608
908	22	50	1	2023-09-25 13:07:06.781608
909	22	51	524	2023-09-25 13:07:06.781608
910	22	52	714	2023-09-25 13:07:06.781608
911	22	53	627	2023-09-25 13:07:06.781608
912	22	54	907	2023-09-25 13:07:06.781608
913	22	55	170	2023-09-25 13:07:06.781608
914	22	56	472	2023-09-25 13:07:06.781608
915	22	57	396	2023-09-25 13:07:06.781608
916	22	58	144	2023-09-25 13:07:06.781608
917	22	59	628	2023-09-25 13:07:06.781608
918	22	60	732	2023-09-25 13:07:06.781608
919	22	61	44	2023-09-25 13:07:06.781608
920	22	62	463	2023-09-25 13:07:06.781608
921	22	63	187	2023-09-25 13:07:06.781608
922	22	64	335	2023-09-25 13:07:06.781608
923	22	65	59	2023-09-25 13:07:06.781608
924	22	66	77	2023-09-25 13:07:06.781608
925	22	67	4	2023-09-25 13:07:06.781608
926	22	68	627	2023-09-25 13:07:06.781608
927	22	69	166	2023-09-25 13:07:06.781608
928	22	70	606	2023-09-25 13:07:06.781608
929	22	71	846	2023-09-25 13:07:06.781608
930	22	72	230	2023-09-25 13:07:06.781608
931	22	73	524	2023-09-25 13:07:06.781608
932	22	74	85	2023-09-25 13:07:06.781608
933	22	75	236	2023-09-25 13:07:06.781608
934	22	76	548	2023-09-25 13:07:06.781608
935	22	77	515	2023-09-25 13:07:06.781608
936	22	78	291	2023-09-25 13:07:06.781608
937	23	1	260	2023-09-25 13:07:06.781608
938	23	2	870	2023-09-25 13:07:06.781608
939	23	3	779	2023-09-25 13:07:06.781608
940	23	4	410	2023-09-25 13:07:06.781608
941	23	5	115	2023-09-25 13:07:06.781608
942	23	6	820	2023-09-25 13:07:06.781608
943	23	7	459	2023-09-25 13:07:06.781608
944	23	8	392	2023-09-25 13:07:06.781608
945	23	9	399	2023-09-25 13:07:06.781608
946	23	10	41	2023-09-25 13:07:06.781608
947	23	11	493	2023-09-25 13:07:06.781608
948	23	12	984	2023-09-25 13:07:06.781608
949	23	13	765	2023-09-25 13:07:06.781608
950	23	14	147	2023-09-25 13:07:06.781608
951	23	15	915	2023-09-25 13:07:06.781608
952	23	16	616	2023-09-25 13:07:06.781608
953	23	17	619	2023-09-25 13:07:06.781608
954	23	18	52	2023-09-25 13:07:06.781608
955	23	19	859	2023-09-25 13:07:06.781608
956	23	20	281	2023-09-25 13:07:06.781608
957	23	21	641	2023-09-25 13:07:06.781608
958	23	22	270	2023-09-25 13:07:06.781608
959	23	23	154	2023-09-25 13:07:06.781608
960	23	24	512	2023-09-25 13:07:06.781608
961	23	25	188	2023-09-25 13:07:06.781608
962	23	26	882	2023-09-25 13:07:06.781608
963	23	27	45	2023-09-25 13:07:06.781608
964	23	28	436	2023-09-25 13:07:06.781608
965	23	29	513	2023-09-25 13:07:06.781608
966	23	30	930	2023-09-25 13:07:06.781608
967	23	31	705	2023-09-25 13:07:06.781608
968	23	32	705	2023-09-25 13:07:06.781608
969	23	33	855	2023-09-25 13:07:06.781608
970	23	34	351	2023-09-25 13:07:06.781608
971	23	35	413	2023-09-25 13:07:06.781608
972	23	36	511	2023-09-25 13:07:06.781608
973	23	37	93	2023-09-25 13:07:06.781608
974	23	38	512	2023-09-25 13:07:06.781608
975	23	39	863	2023-09-25 13:07:06.781608
976	23	40	877	2023-09-25 13:07:06.781608
977	23	41	904	2023-09-25 13:07:06.781608
978	23	42	440	2023-09-25 13:07:06.781608
979	23	43	132	2023-09-25 13:07:06.781608
980	23	44	61	2023-09-25 13:07:06.781608
981	23	45	320	2023-09-25 13:07:06.781608
982	23	46	56	2023-09-25 13:07:06.781608
983	23	47	967	2023-09-25 13:07:06.781608
984	23	48	427	2023-09-25 13:07:06.781608
985	23	49	828	2023-09-25 13:07:06.781608
986	23	50	968	2023-09-25 13:07:06.781608
987	23	51	944	2023-09-25 13:07:06.781608
988	23	52	977	2023-09-25 13:07:06.781608
989	23	53	694	2023-09-25 13:07:06.781608
990	23	54	437	2023-09-25 13:07:06.781608
991	23	55	440	2023-09-25 13:07:06.781608
992	23	56	184	2023-09-25 13:07:06.781608
993	23	57	924	2023-09-25 13:07:06.781608
994	23	58	189	2023-09-25 13:07:06.781608
995	23	59	608	2023-09-25 13:07:06.781608
996	23	60	896	2023-09-25 13:07:06.781608
997	23	61	217	2023-09-25 13:07:06.781608
998	23	62	366	2023-09-25 13:07:06.781608
999	23	63	591	2023-09-25 13:07:06.781608
1000	23	64	31	2023-09-25 13:07:06.781608
1001	23	65	659	2023-09-25 13:07:06.781608
1002	23	66	516	2023-09-25 13:07:06.781608
1003	23	67	991	2023-09-25 13:07:06.781608
1004	23	68	349	2023-09-25 13:07:06.781608
1005	23	69	679	2023-09-25 13:07:06.781608
1006	23	70	534	2023-09-25 13:07:06.781608
1007	23	71	265	2023-09-25 13:07:06.781608
1008	23	72	805	2023-09-25 13:07:06.781608
1009	23	73	626	2023-09-25 13:07:06.781608
1010	23	74	498	2023-09-25 13:07:06.781608
1011	23	75	861	2023-09-25 13:07:06.781608
1012	23	76	219	2023-09-25 13:07:06.781608
1013	23	77	28	2023-09-25 13:07:06.781608
1014	23	78	666	2023-09-25 13:07:06.781608
1015	24	1	778	2023-09-25 13:07:06.781608
1016	24	2	382	2023-09-25 13:07:06.781608
1017	24	3	237	2023-09-25 13:07:06.781608
1018	24	4	397	2023-09-25 13:07:06.781608
1019	24	5	178	2023-09-25 13:07:06.781608
1020	24	6	4	2023-09-25 13:07:06.781608
1021	24	7	517	2023-09-25 13:07:06.781608
1022	24	8	449	2023-09-25 13:07:06.781608
1023	24	9	971	2023-09-25 13:07:06.781608
1024	24	10	416	2023-09-25 13:07:06.781608
1025	24	11	117	2023-09-25 13:07:06.781608
1026	24	12	163	2023-09-25 13:07:06.781608
1027	24	13	101	2023-09-25 13:07:06.781608
1028	24	14	850	2023-09-25 13:07:06.781608
1029	24	15	179	2023-09-25 13:07:06.781608
1030	24	16	330	2023-09-25 13:07:06.781608
1031	24	17	876	2023-09-25 13:07:06.781608
1032	24	18	814	2023-09-25 13:07:06.781608
1033	24	19	315	2023-09-25 13:07:06.781608
1034	24	20	411	2023-09-25 13:07:06.781608
1035	24	21	972	2023-09-25 13:07:06.781608
1036	24	22	300	2023-09-25 13:07:06.781608
1037	24	23	921	2023-09-25 13:07:06.781608
1038	24	24	937	2023-09-25 13:07:06.781608
1039	24	25	206	2023-09-25 13:07:06.781608
1040	24	26	657	2023-09-25 13:07:06.781608
1041	24	27	21	2023-09-25 13:07:06.781608
1042	24	28	30	2023-09-25 13:07:06.781608
1043	24	29	248	2023-09-25 13:07:06.781608
1044	24	30	254	2023-09-25 13:07:06.781608
1045	24	31	192	2023-09-25 13:07:06.781608
1046	24	32	447	2023-09-25 13:07:06.781608
1047	24	33	817	2023-09-25 13:07:06.781608
1048	24	34	954	2023-09-25 13:07:06.781608
1049	24	35	492	2023-09-25 13:07:06.781608
1050	24	36	376	2023-09-25 13:07:06.781608
1051	24	37	755	2023-09-25 13:07:06.781608
1052	24	38	651	2023-09-25 13:07:06.781608
1053	24	39	764	2023-09-25 13:07:06.781608
1054	24	40	577	2023-09-25 13:07:06.781608
1055	24	41	377	2023-09-25 13:07:06.781608
1056	24	42	287	2023-09-25 13:07:06.781608
1057	24	43	276	2023-09-25 13:07:06.781608
1058	24	44	631	2023-09-25 13:07:06.781608
1059	24	45	632	2023-09-25 13:07:06.781608
1060	24	46	16	2023-09-25 13:07:06.781608
1061	24	47	608	2023-09-25 13:07:06.781608
1062	24	48	990	2023-09-25 13:07:06.781608
1063	24	49	682	2023-09-25 13:07:06.781608
1064	24	50	164	2023-09-25 13:07:06.781608
1065	24	51	613	2023-09-25 13:07:06.781608
1066	24	52	802	2023-09-25 13:07:06.781608
1067	24	53	28	2023-09-25 13:07:06.781608
1068	24	54	99	2023-09-25 13:07:06.781608
1069	24	55	257	2023-09-25 13:07:06.781608
1070	24	56	823	2023-09-25 13:07:06.781608
1071	24	57	475	2023-09-25 13:07:06.781608
1072	24	58	627	2023-09-25 13:07:06.781608
1073	24	59	109	2023-09-25 13:07:06.781608
1074	24	60	968	2023-09-25 13:07:06.781608
1075	24	61	973	2023-09-25 13:07:06.781608
1076	24	62	495	2023-09-25 13:07:06.781608
1077	24	63	322	2023-09-25 13:07:06.781608
1078	24	64	724	2023-09-25 13:07:06.781608
1079	24	65	150	2023-09-25 13:07:06.781608
1080	24	66	472	2023-09-25 13:07:06.781608
1081	24	67	414	2023-09-25 13:07:06.781608
1082	24	68	904	2023-09-25 13:07:06.781608
1083	24	69	824	2023-09-25 13:07:06.781608
1084	24	70	322	2023-09-25 13:07:06.781608
1085	24	71	3	2023-09-25 13:07:06.781608
1086	24	72	263	2023-09-25 13:07:06.781608
1087	24	73	412	2023-09-25 13:07:06.781608
1088	24	74	259	2023-09-25 13:07:06.781608
1089	24	75	603	2023-09-25 13:07:06.781608
1090	24	76	877	2023-09-25 13:07:06.781608
1091	24	77	327	2023-09-25 13:07:06.781608
1092	24	78	730	2023-09-25 13:07:06.781608
1093	25	1	577	2023-09-25 13:07:06.781608
1094	25	2	829	2023-09-25 13:07:06.781608
1095	25	3	870	2023-09-25 13:07:06.781608
1096	25	4	116	2023-09-25 13:07:06.781608
1097	25	5	447	2023-09-25 13:07:06.781608
1098	25	6	479	2023-09-25 13:07:06.781608
1099	25	7	688	2023-09-25 13:07:06.781608
1100	25	8	270	2023-09-25 13:07:06.781608
1101	25	9	797	2023-09-25 13:07:06.781608
1102	25	10	162	2023-09-25 13:07:06.781608
1103	25	11	483	2023-09-25 13:07:06.781608
1104	25	12	268	2023-09-25 13:07:06.781608
1105	25	13	550	2023-09-25 13:07:06.781608
1106	25	14	626	2023-09-25 13:07:06.781608
1107	25	15	970	2023-09-25 13:07:06.781608
1108	25	16	918	2023-09-25 13:07:06.781608
1109	25	17	96	2023-09-25 13:07:06.781608
1110	25	18	461	2023-09-25 13:07:06.781608
1111	25	19	7	2023-09-25 13:07:06.781608
1112	25	20	94	2023-09-25 13:07:06.781608
1113	25	21	585	2023-09-25 13:07:06.781608
1114	25	22	447	2023-09-25 13:07:06.781608
1115	25	23	772	2023-09-25 13:07:06.781608
1116	25	24	867	2023-09-25 13:07:06.781608
1117	25	25	277	2023-09-25 13:07:06.781608
1118	25	26	653	2023-09-25 13:07:06.781608
1119	25	27	879	2023-09-25 13:07:06.781608
1120	25	28	498	2023-09-25 13:07:06.781608
1121	25	29	507	2023-09-25 13:07:06.781608
1122	25	30	651	2023-09-25 13:07:06.781608
1123	25	31	430	2023-09-25 13:07:06.781608
1124	25	32	17	2023-09-25 13:07:06.781608
1125	25	33	96	2023-09-25 13:07:06.781608
1126	25	34	716	2023-09-25 13:07:06.781608
1127	25	35	487	2023-09-25 13:07:06.781608
1128	25	36	331	2023-09-25 13:07:06.781608
1129	25	37	669	2023-09-25 13:07:06.781608
1130	25	38	76	2023-09-25 13:07:06.781608
1131	25	39	904	2023-09-25 13:07:06.781608
1132	25	40	478	2023-09-25 13:07:06.781608
1133	25	41	797	2023-09-25 13:07:06.781608
1134	25	42	168	2023-09-25 13:07:06.781608
1135	25	43	367	2023-09-25 13:07:06.781608
1136	25	44	612	2023-09-25 13:07:06.781608
1137	25	45	227	2023-09-25 13:07:06.781608
1138	25	46	595	2023-09-25 13:07:06.781608
1139	25	47	109	2023-09-25 13:07:06.781608
1140	25	48	302	2023-09-25 13:07:06.781608
1141	25	49	166	2023-09-25 13:07:06.781608
1142	25	50	736	2023-09-25 13:07:06.781608
1143	25	51	722	2023-09-25 13:07:06.781608
1144	25	52	364	2023-09-25 13:07:06.781608
1145	25	53	85	2023-09-25 13:07:06.781608
1146	25	54	190	2023-09-25 13:07:06.781608
1147	25	55	699	2023-09-25 13:07:06.781608
1148	25	56	70	2023-09-25 13:07:06.781608
1149	25	57	128	2023-09-25 13:07:06.781608
1150	25	58	949	2023-09-25 13:07:06.781608
1151	25	59	550	2023-09-25 13:07:06.781608
1152	25	60	918	2023-09-25 13:07:06.781608
1153	25	61	898	2023-09-25 13:07:06.781608
1154	25	62	66	2023-09-25 13:07:06.781608
1155	25	63	212	2023-09-25 13:07:06.781608
1156	25	64	944	2023-09-25 13:07:06.781608
1157	25	65	262	2023-09-25 13:07:06.781608
1158	25	66	909	2023-09-25 13:07:06.781608
1159	25	67	815	2023-09-25 13:07:06.781608
1160	25	68	649	2023-09-25 13:07:06.781608
1161	25	69	331	2023-09-25 13:07:06.781608
1162	25	70	882	2023-09-25 13:07:06.781608
1163	25	71	45	2023-09-25 13:07:06.781608
1164	25	72	279	2023-09-25 13:07:06.781608
1165	25	73	855	2023-09-25 13:07:06.781608
1166	25	74	751	2023-09-25 13:07:06.781608
1167	25	75	342	2023-09-25 13:07:06.781608
1168	25	76	262	2023-09-25 13:07:06.781608
1169	25	77	861	2023-09-25 13:07:06.781608
1170	25	78	760	2023-09-25 13:07:06.781608
1171	26	1	943	2023-09-25 13:07:06.781608
1172	26	2	910	2023-09-25 13:07:06.781608
1173	26	3	284	2023-09-25 13:07:06.781608
1174	26	4	405	2023-09-25 13:07:06.781608
1175	26	5	530	2023-09-25 13:07:06.781608
1176	26	6	887	2023-09-25 13:07:06.781608
1177	26	7	871	2023-09-25 13:07:06.781608
1178	26	8	537	2023-09-25 13:07:06.781608
1179	26	9	557	2023-09-25 13:07:06.781608
1180	26	10	796	2023-09-25 13:07:06.781608
1181	26	11	580	2023-09-25 13:07:06.781608
1182	26	12	74	2023-09-25 13:07:06.781608
1183	26	13	564	2023-09-25 13:07:06.781608
1184	26	14	446	2023-09-25 13:07:06.781608
1185	26	15	736	2023-09-25 13:07:06.781608
1186	26	16	872	2023-09-25 13:07:06.781608
1187	26	17	166	2023-09-25 13:07:06.781608
1188	26	18	770	2023-09-25 13:07:06.781608
1189	26	19	997	2023-09-25 13:07:06.781608
1190	26	20	507	2023-09-25 13:07:06.781608
1191	26	21	539	2023-09-25 13:07:06.781608
1192	26	22	992	2023-09-25 13:07:06.781608
1193	26	23	826	2023-09-25 13:07:06.781608
1194	26	24	166	2023-09-25 13:07:06.781608
1195	26	25	814	2023-09-25 13:07:06.781608
1196	26	26	791	2023-09-25 13:07:06.781608
1197	26	27	301	2023-09-25 13:07:06.781608
1198	26	28	526	2023-09-25 13:07:06.781608
1199	26	29	783	2023-09-25 13:07:06.781608
1200	26	30	959	2023-09-25 13:07:06.781608
1201	26	31	133	2023-09-25 13:07:06.781608
1202	26	32	953	2023-09-25 13:07:06.781608
1203	26	33	996	2023-09-25 13:07:06.781608
1204	26	34	216	2023-09-25 13:07:06.781608
1205	26	35	267	2023-09-25 13:07:06.781608
1206	26	36	465	2023-09-25 13:07:06.781608
1207	26	37	722	2023-09-25 13:07:06.781608
1208	26	38	579	2023-09-25 13:07:06.781608
1209	26	39	302	2023-09-25 13:07:06.781608
1210	26	40	380	2023-09-25 13:07:06.781608
1211	26	41	475	2023-09-25 13:07:06.781608
1212	26	42	300	2023-09-25 13:07:06.781608
1213	26	43	571	2023-09-25 13:07:06.781608
1214	26	44	159	2023-09-25 13:07:06.781608
1215	26	45	823	2023-09-25 13:07:06.781608
1216	26	46	11	2023-09-25 13:07:06.781608
1217	26	47	363	2023-09-25 13:07:06.781608
1218	26	48	609	2023-09-25 13:07:06.781608
1219	26	49	18	2023-09-25 13:07:06.781608
1220	26	50	364	2023-09-25 13:07:06.781608
1221	26	51	861	2023-09-25 13:07:06.781608
1222	26	52	845	2023-09-25 13:07:06.781608
1223	26	53	527	2023-09-25 13:07:06.781608
1224	26	54	106	2023-09-25 13:07:06.781608
1225	26	55	418	2023-09-25 13:07:06.781608
1226	26	56	499	2023-09-25 13:07:06.781608
1227	26	57	596	2023-09-25 13:07:06.781608
1228	26	58	769	2023-09-25 13:07:06.781608
1229	26	59	304	2023-09-25 13:07:06.781608
1230	26	60	892	2023-09-25 13:07:06.781608
1231	26	61	552	2023-09-25 13:07:06.781608
1232	26	62	117	2023-09-25 13:07:06.781608
1233	26	63	842	2023-09-25 13:07:06.781608
1234	26	64	732	2023-09-25 13:07:06.781608
1235	26	65	104	2023-09-25 13:07:06.781608
1236	26	66	157	2023-09-25 13:07:06.781608
1237	26	67	293	2023-09-25 13:07:06.781608
1238	26	68	597	2023-09-25 13:07:06.781608
1239	26	69	676	2023-09-25 13:07:06.781608
1240	26	70	36	2023-09-25 13:07:06.781608
1241	26	71	308	2023-09-25 13:07:06.781608
1242	26	72	610	2023-09-25 13:07:06.781608
1243	26	73	746	2023-09-25 13:07:06.781608
1244	26	74	198	2023-09-25 13:07:06.781608
1245	26	75	349	2023-09-25 13:07:06.781608
1246	26	76	340	2023-09-25 13:07:06.781608
1247	26	77	875	2023-09-25 13:07:06.781608
1248	26	78	756	2023-09-25 13:07:06.781608
1249	27	1	96	2023-09-25 13:07:06.781608
1250	27	2	134	2023-09-25 13:07:06.781608
1251	27	3	26	2023-09-25 13:07:06.781608
1252	27	4	423	2023-09-25 13:07:06.781608
1253	27	5	454	2023-09-25 13:07:06.781608
1254	27	6	316	2023-09-25 13:07:06.781608
1255	27	7	723	2023-09-25 13:07:06.781608
1256	27	8	664	2023-09-25 13:07:06.781608
1257	27	9	678	2023-09-25 13:07:06.781608
1258	27	10	587	2023-09-25 13:07:06.781608
1259	27	11	726	2023-09-25 13:07:06.781608
1260	27	12	587	2023-09-25 13:07:06.781608
1261	27	13	180	2023-09-25 13:07:06.781608
1262	27	14	681	2023-09-25 13:07:06.781608
1263	27	15	57	2023-09-25 13:07:06.781608
1264	27	16	833	2023-09-25 13:07:06.781608
1265	27	17	562	2023-09-25 13:07:06.781608
1266	27	18	786	2023-09-25 13:07:06.781608
1267	27	19	314	2023-09-25 13:07:06.781608
1268	27	20	428	2023-09-25 13:07:06.781608
1269	27	21	27	2023-09-25 13:07:06.781608
1270	27	22	410	2023-09-25 13:07:06.781608
1271	27	23	240	2023-09-25 13:07:06.781608
1272	27	24	482	2023-09-25 13:07:06.781608
1273	27	25	702	2023-09-25 13:07:06.781608
1274	27	26	382	2023-09-25 13:07:06.781608
1275	27	27	6	2023-09-25 13:07:06.781608
1276	27	28	594	2023-09-25 13:07:06.781608
1277	27	29	326	2023-09-25 13:07:06.781608
1278	27	30	377	2023-09-25 13:07:06.781608
1279	27	31	776	2023-09-25 13:07:06.781608
1280	27	32	972	2023-09-25 13:07:06.781608
1281	27	33	590	2023-09-25 13:07:06.781608
1282	27	34	34	2023-09-25 13:07:06.781608
1283	27	35	91	2023-09-25 13:07:06.781608
1284	27	36	965	2023-09-25 13:07:06.781608
1285	27	37	897	2023-09-25 13:07:06.781608
1286	27	38	158	2023-09-25 13:07:06.781608
1287	27	39	653	2023-09-25 13:07:06.781608
1288	27	40	201	2023-09-25 13:07:06.781608
1289	27	41	302	2023-09-25 13:07:06.781608
1290	27	42	98	2023-09-25 13:07:06.781608
1291	27	43	186	2023-09-25 13:07:06.781608
1292	27	44	640	2023-09-25 13:07:06.781608
1293	27	45	409	2023-09-25 13:07:06.781608
1294	27	46	868	2023-09-25 13:07:06.781608
1295	27	47	554	2023-09-25 13:07:06.781608
1296	27	48	874	2023-09-25 13:07:06.781608
1297	27	49	339	2023-09-25 13:07:06.781608
1298	27	50	479	2023-09-25 13:07:06.781608
1299	27	51	817	2023-09-25 13:07:06.781608
1300	27	52	311	2023-09-25 13:07:06.781608
1301	27	53	82	2023-09-25 13:07:06.781608
1302	27	54	873	2023-09-25 13:07:06.781608
1303	27	55	986	2023-09-25 13:07:06.781608
1304	27	56	829	2023-09-25 13:07:06.781608
1305	27	57	139	2023-09-25 13:07:06.781608
1306	27	58	645	2023-09-25 13:07:06.781608
1307	27	59	77	2023-09-25 13:07:06.781608
1308	27	60	867	2023-09-25 13:07:06.781608
1309	27	61	882	2023-09-25 13:07:06.781608
1310	27	62	583	2023-09-25 13:07:06.781608
1311	27	63	453	2023-09-25 13:07:06.781608
1312	27	64	257	2023-09-25 13:07:06.781608
1313	27	65	479	2023-09-25 13:07:06.781608
1314	27	66	415	2023-09-25 13:07:06.781608
1315	27	67	160	2023-09-25 13:07:06.781608
1316	27	68	615	2023-09-25 13:07:06.781608
1317	27	69	890	2023-09-25 13:07:06.781608
1318	27	70	656	2023-09-25 13:07:06.781608
1319	27	71	47	2023-09-25 13:07:06.781608
1320	27	72	409	2023-09-25 13:07:06.781608
1321	27	73	829	2023-09-25 13:07:06.781608
1322	27	74	6	2023-09-25 13:07:06.781608
1323	27	75	230	2023-09-25 13:07:06.781608
1324	27	76	651	2023-09-25 13:07:06.781608
1325	27	77	860	2023-09-25 13:07:06.781608
1326	27	78	850	2023-09-25 13:07:06.781608
1327	28	1	188	2023-09-25 13:07:06.781608
1328	28	2	127	2023-09-25 13:07:06.781608
1329	28	3	891	2023-09-25 13:07:06.781608
1330	28	4	5	2023-09-25 13:07:06.781608
1331	28	5	452	2023-09-25 13:07:06.781608
1332	28	6	532	2023-09-25 13:07:06.781608
1333	28	7	309	2023-09-25 13:07:06.781608
1334	28	8	437	2023-09-25 13:07:06.781608
1335	28	9	819	2023-09-25 13:07:06.781608
1336	28	10	326	2023-09-25 13:07:06.781608
1337	28	11	219	2023-09-25 13:07:06.781608
1338	28	12	409	2023-09-25 13:07:06.781608
1339	28	13	991	2023-09-25 13:07:06.781608
1340	28	14	624	2023-09-25 13:07:06.781608
1341	28	15	631	2023-09-25 13:07:06.781608
1342	28	16	579	2023-09-25 13:07:06.781608
1343	28	17	46	2023-09-25 13:07:06.781608
1344	28	18	388	2023-09-25 13:07:06.781608
1345	28	19	773	2023-09-25 13:07:06.781608
1346	28	20	569	2023-09-25 13:07:06.781608
1347	28	21	434	2023-09-25 13:07:06.781608
1348	28	22	169	2023-09-25 13:07:06.781608
1349	28	23	864	2023-09-25 13:07:06.781608
1350	28	24	309	2023-09-25 13:07:06.781608
1351	28	25	69	2023-09-25 13:07:06.781608
1352	28	26	275	2023-09-25 13:07:06.781608
1353	28	27	753	2023-09-25 13:07:06.781608
1354	28	28	923	2023-09-25 13:07:06.781608
1355	28	29	427	2023-09-25 13:07:06.781608
1356	28	30	381	2023-09-25 13:07:06.781608
1357	28	31	723	2023-09-25 13:07:06.781608
1358	28	32	790	2023-09-25 13:07:06.781608
1359	28	33	264	2023-09-25 13:07:06.781608
1360	28	34	32	2023-09-25 13:07:06.781608
1361	28	35	839	2023-09-25 13:07:06.781608
1362	28	36	692	2023-09-25 13:07:06.781608
1363	28	37	247	2023-09-25 13:07:06.781608
1364	28	38	662	2023-09-25 13:07:06.781608
1365	28	39	422	2023-09-25 13:07:06.781608
1366	28	40	349	2023-09-25 13:07:06.781608
1367	28	41	459	2023-09-25 13:07:06.781608
1368	28	42	310	2023-09-25 13:07:06.781608
1369	28	43	234	2023-09-25 13:07:06.781608
1370	28	44	282	2023-09-25 13:07:06.781608
1371	28	45	686	2023-09-25 13:07:06.781608
1372	28	46	310	2023-09-25 13:07:06.781608
1373	28	47	643	2023-09-25 13:07:06.781608
1374	28	48	355	2023-09-25 13:07:06.781608
1375	28	49	745	2023-09-25 13:07:06.781608
1376	28	50	433	2023-09-25 13:07:06.781608
1377	28	51	537	2023-09-25 13:07:06.781608
1378	28	52	19	2023-09-25 13:07:06.781608
1379	28	53	877	2023-09-25 13:07:06.781608
1380	28	54	948	2023-09-25 13:07:06.781608
1381	28	55	703	2023-09-25 13:07:06.781608
1382	28	56	420	2023-09-25 13:07:06.781608
1383	28	57	665	2023-09-25 13:07:06.781608
1384	28	58	564	2023-09-25 13:07:06.781608
1385	28	59	534	2023-09-25 13:07:06.781608
1386	28	60	953	2023-09-25 13:07:06.781608
1387	28	61	640	2023-09-25 13:07:06.781608
1388	28	62	263	2023-09-25 13:07:06.781608
1389	28	63	642	2023-09-25 13:07:06.781608
1390	28	64	531	2023-09-25 13:07:06.781608
1391	28	65	270	2023-09-25 13:07:06.781608
1392	28	66	481	2023-09-25 13:07:06.781608
1393	28	67	451	2023-09-25 13:07:06.781608
1394	28	68	923	2023-09-25 13:07:06.781608
1395	28	69	514	2023-09-25 13:07:06.781608
1396	28	70	550	2023-09-25 13:07:06.781608
1397	28	71	452	2023-09-25 13:07:06.781608
1398	28	72	661	2023-09-25 13:07:06.781608
1399	28	73	281	2023-09-25 13:07:06.781608
1400	28	74	553	2023-09-25 13:07:06.781608
1401	28	75	57	2023-09-25 13:07:06.781608
1402	28	76	752	2023-09-25 13:07:06.781608
1403	28	77	884	2023-09-25 13:07:06.781608
1404	28	78	973	2023-09-25 13:07:06.781608
1405	29	1	125	2023-09-25 13:07:06.781608
1406	29	2	154	2023-09-25 13:07:06.781608
1407	29	3	606	2023-09-25 13:07:06.781608
1408	29	4	569	2023-09-25 13:07:06.781608
1409	29	5	330	2023-09-25 13:07:06.781608
1410	29	6	448	2023-09-25 13:07:06.781608
1411	29	7	523	2023-09-25 13:07:06.781608
1412	29	8	437	2023-09-25 13:07:06.781608
1413	29	9	554	2023-09-25 13:07:06.781608
1414	29	10	644	2023-09-25 13:07:06.781608
1415	29	11	524	2023-09-25 13:07:06.781608
1416	29	12	158	2023-09-25 13:07:06.781608
1417	29	13	994	2023-09-25 13:07:06.781608
1418	29	14	532	2023-09-25 13:07:06.781608
1419	29	15	422	2023-09-25 13:07:06.781608
1420	29	16	437	2023-09-25 13:07:06.781608
1421	29	17	568	2023-09-25 13:07:06.781608
1422	29	18	571	2023-09-25 13:07:06.781608
1423	29	19	125	2023-09-25 13:07:06.781608
1424	29	20	689	2023-09-25 13:07:06.781608
1425	29	21	405	2023-09-25 13:07:06.781608
1426	29	22	186	2023-09-25 13:07:06.781608
1427	29	23	997	2023-09-25 13:07:06.781608
1428	29	24	288	2023-09-25 13:07:06.781608
1429	29	25	535	2023-09-25 13:07:06.781608
1430	29	26	425	2023-09-25 13:07:06.781608
1431	29	27	15	2023-09-25 13:07:06.781608
1432	29	28	705	2023-09-25 13:07:06.781608
1433	29	29	682	2023-09-25 13:07:06.781608
1434	29	30	724	2023-09-25 13:07:06.781608
1435	29	31	636	2023-09-25 13:07:06.781608
1436	29	32	696	2023-09-25 13:07:06.781608
1437	29	33	56	2023-09-25 13:07:06.781608
1438	29	34	671	2023-09-25 13:07:06.781608
1439	29	35	868	2023-09-25 13:07:06.781608
1440	29	36	131	2023-09-25 13:07:06.781608
1441	29	37	923	2023-09-25 13:07:06.781608
1442	29	38	1	2023-09-25 13:07:06.781608
1443	29	39	86	2023-09-25 13:07:06.781608
1444	29	40	707	2023-09-25 13:07:06.781608
1445	29	41	221	2023-09-25 13:07:06.781608
1446	29	42	958	2023-09-25 13:07:06.781608
1447	29	43	146	2023-09-25 13:07:06.781608
1448	29	44	731	2023-09-25 13:07:06.781608
1449	29	45	615	2023-09-25 13:07:06.781608
1450	29	46	784	2023-09-25 13:07:06.781608
1451	29	47	342	2023-09-25 13:07:06.781608
1452	29	48	697	2023-09-25 13:07:06.781608
1453	29	49	804	2023-09-25 13:07:06.781608
1454	29	50	609	2023-09-25 13:07:06.781608
1455	29	51	171	2023-09-25 13:07:06.781608
1456	29	52	547	2023-09-25 13:07:06.781608
1457	29	53	81	2023-09-25 13:07:06.781608
1458	29	54	758	2023-09-25 13:07:06.781608
1459	29	55	569	2023-09-25 13:07:06.781608
1460	29	56	219	2023-09-25 13:07:06.781608
1461	29	57	531	2023-09-25 13:07:06.781608
1462	29	58	584	2023-09-25 13:07:06.781608
1463	29	59	816	2023-09-25 13:07:06.781608
1464	29	60	341	2023-09-25 13:07:06.781608
1465	29	61	901	2023-09-25 13:07:06.781608
1466	29	62	811	2023-09-25 13:07:06.781608
1467	29	63	52	2023-09-25 13:07:06.781608
1468	29	64	189	2023-09-25 13:07:06.781608
1469	29	65	278	2023-09-25 13:07:06.781608
1470	29	66	66	2023-09-25 13:07:06.781608
1471	29	67	249	2023-09-25 13:07:06.781608
1472	29	68	383	2023-09-25 13:07:06.781608
1473	29	69	776	2023-09-25 13:07:06.781608
1474	29	70	470	2023-09-25 13:07:06.781608
1475	29	71	370	2023-09-25 13:07:06.781608
1476	29	72	119	2023-09-25 13:07:06.781608
1477	29	73	633	2023-09-25 13:07:06.781608
1478	29	74	592	2023-09-25 13:07:06.781608
1479	29	75	535	2023-09-25 13:07:06.781608
1480	29	76	281	2023-09-25 13:07:06.781608
1481	29	77	228	2023-09-25 13:07:06.781608
1482	29	78	880	2023-09-25 13:07:06.781608
1483	30	1	738	2023-09-25 13:07:06.781608
1484	30	2	846	2023-09-25 13:07:06.781608
1485	30	3	769	2023-09-25 13:07:06.781608
1486	30	4	154	2023-09-25 13:07:06.781608
1487	30	5	406	2023-09-25 13:07:06.781608
1488	30	6	932	2023-09-25 13:07:06.781608
1489	30	7	858	2023-09-25 13:07:06.781608
1490	30	8	515	2023-09-25 13:07:06.781608
1491	30	9	981	2023-09-25 13:07:06.781608
1492	30	10	469	2023-09-25 13:07:06.781608
1493	30	11	976	2023-09-25 13:07:06.781608
1494	30	12	49	2023-09-25 13:07:06.781608
1495	30	13	195	2023-09-25 13:07:06.781608
1496	30	14	95	2023-09-25 13:07:06.781608
1497	30	15	630	2023-09-25 13:07:06.781608
1498	30	16	882	2023-09-25 13:07:06.781608
1499	30	17	703	2023-09-25 13:07:06.781608
1500	30	18	37	2023-09-25 13:07:06.781608
1501	30	19	549	2023-09-25 13:07:06.781608
1502	30	20	298	2023-09-25 13:07:06.781608
1503	30	21	730	2023-09-25 13:07:06.781608
1504	30	22	510	2023-09-25 13:07:06.781608
1505	30	23	794	2023-09-25 13:07:06.781608
1506	30	24	853	2023-09-25 13:07:06.781608
1507	30	25	984	2023-09-25 13:07:06.781608
1508	30	26	827	2023-09-25 13:07:06.781608
1509	30	27	903	2023-09-25 13:07:06.781608
1510	30	28	389	2023-09-25 13:07:06.781608
1511	30	29	993	2023-09-25 13:07:06.781608
1512	30	30	7	2023-09-25 13:07:06.781608
1513	30	31	602	2023-09-25 13:07:06.781608
1514	30	32	892	2023-09-25 13:07:06.781608
1515	30	33	390	2023-09-25 13:07:06.781608
1516	30	34	968	2023-09-25 13:07:06.781608
1517	30	35	960	2023-09-25 13:07:06.781608
1518	30	36	706	2023-09-25 13:07:06.781608
1519	30	37	452	2023-09-25 13:07:06.781608
1520	30	38	508	2023-09-25 13:07:06.781608
1521	30	39	943	2023-09-25 13:07:06.781608
1522	30	40	371	2023-09-25 13:07:06.781608
1523	30	41	160	2023-09-25 13:07:06.781608
1524	30	42	524	2023-09-25 13:07:06.781608
1525	30	43	867	2023-09-25 13:07:06.781608
1526	30	44	475	2023-09-25 13:07:06.781608
1527	30	45	310	2023-09-25 13:07:06.781608
1528	30	46	402	2023-09-25 13:07:06.781608
1529	30	47	381	2023-09-25 13:07:06.781608
1530	30	48	361	2023-09-25 13:07:06.781608
1531	30	49	193	2023-09-25 13:07:06.781608
1532	30	50	107	2023-09-25 13:07:06.781608
1533	30	51	50	2023-09-25 13:07:06.781608
1534	30	52	270	2023-09-25 13:07:06.781608
1535	30	53	334	2023-09-25 13:07:06.781608
1536	30	54	333	2023-09-25 13:07:06.781608
1537	30	55	845	2023-09-25 13:07:06.781608
1538	30	56	800	2023-09-25 13:07:06.781608
1539	30	57	848	2023-09-25 13:07:06.781608
1540	30	58	544	2023-09-25 13:07:06.781608
1541	30	59	463	2023-09-25 13:07:06.781608
1542	30	60	111	2023-09-25 13:07:06.781608
1543	30	61	535	2023-09-25 13:07:06.781608
1544	30	62	33	2023-09-25 13:07:06.781608
1545	30	63	418	2023-09-25 13:07:06.781608
1546	30	64	662	2023-09-25 13:07:06.781608
1547	30	65	628	2023-09-25 13:07:06.781608
1548	30	66	103	2023-09-25 13:07:06.781608
1549	30	67	630	2023-09-25 13:07:06.781608
1550	30	68	993	2023-09-25 13:07:06.781608
1551	30	69	758	2023-09-25 13:07:06.781608
1552	30	70	481	2023-09-25 13:07:06.781608
1553	30	71	214	2023-09-25 13:07:06.781608
1554	30	72	844	2023-09-25 13:07:06.781608
1555	30	73	559	2023-09-25 13:07:06.781608
1556	30	74	337	2023-09-25 13:07:06.781608
1557	30	75	776	2023-09-25 13:07:06.781608
1558	30	76	222	2023-09-25 13:07:06.781608
1559	30	77	126	2023-09-25 13:07:06.781608
1560	30	78	334	2023-09-25 13:07:06.781608
1561	31	1	372	2023-09-25 13:07:06.781608
1562	31	2	779	2023-09-25 13:07:06.781608
1563	31	3	418	2023-09-25 13:07:06.781608
1564	31	4	627	2023-09-25 13:07:06.781608
1565	31	5	849	2023-09-25 13:07:06.781608
1566	31	6	294	2023-09-25 13:07:06.781608
1567	31	7	386	2023-09-25 13:07:06.781608
1568	31	8	249	2023-09-25 13:07:06.781608
1569	31	9	554	2023-09-25 13:07:06.781608
1570	31	10	430	2023-09-25 13:07:06.781608
1571	31	11	8	2023-09-25 13:07:06.781608
1572	31	12	117	2023-09-25 13:07:06.781608
1573	31	13	783	2023-09-25 13:07:06.781608
1574	31	14	183	2023-09-25 13:07:06.781608
1575	31	15	415	2023-09-25 13:07:06.781608
1576	31	16	477	2023-09-25 13:07:06.781608
1577	31	17	147	2023-09-25 13:07:06.781608
1578	31	18	168	2023-09-25 13:07:06.781608
1579	31	19	355	2023-09-25 13:07:06.781608
1580	31	20	838	2023-09-25 13:07:06.781608
1581	31	21	665	2023-09-25 13:07:06.781608
1582	31	22	786	2023-09-25 13:07:06.781608
1583	31	23	550	2023-09-25 13:07:06.781608
1584	31	24	843	2023-09-25 13:07:06.781608
1585	31	25	581	2023-09-25 13:07:06.781608
1586	31	26	257	2023-09-25 13:07:06.781608
1587	31	27	58	2023-09-25 13:07:06.781608
1588	31	28	475	2023-09-25 13:07:06.781608
1589	31	29	796	2023-09-25 13:07:06.781608
1590	31	30	8	2023-09-25 13:07:06.781608
1591	31	31	932	2023-09-25 13:07:06.781608
1592	31	32	30	2023-09-25 13:07:06.781608
1593	31	33	792	2023-09-25 13:07:06.781608
1594	31	34	83	2023-09-25 13:07:06.781608
1595	31	35	991	2023-09-25 13:07:06.781608
1596	31	36	407	2023-09-25 13:07:06.781608
1597	31	37	819	2023-09-25 13:07:06.781608
1598	31	38	374	2023-09-25 13:07:06.781608
1599	31	39	768	2023-09-25 13:07:06.781608
1600	31	40	888	2023-09-25 13:07:06.781608
1601	31	41	862	2023-09-25 13:07:06.781608
1602	31	42	30	2023-09-25 13:07:06.781608
1603	31	43	251	2023-09-25 13:07:06.781608
1604	31	44	366	2023-09-25 13:07:06.781608
1605	31	45	177	2023-09-25 13:07:06.781608
1606	31	46	383	2023-09-25 13:07:06.781608
1607	31	47	265	2023-09-25 13:07:06.781608
1608	31	48	374	2023-09-25 13:07:06.781608
1609	31	49	315	2023-09-25 13:07:06.781608
1610	31	50	896	2023-09-25 13:07:06.781608
1611	31	51	508	2023-09-25 13:07:06.781608
1612	31	52	298	2023-09-25 13:07:06.781608
1613	31	53	172	2023-09-25 13:07:06.781608
1614	31	54	775	2023-09-25 13:07:06.781608
1615	31	55	12	2023-09-25 13:07:06.781608
1616	31	56	578	2023-09-25 13:07:06.781608
1617	31	57	370	2023-09-25 13:07:06.781608
1618	31	58	62	2023-09-25 13:07:06.781608
1619	31	59	914	2023-09-25 13:07:06.781608
1620	31	60	791	2023-09-25 13:07:06.781608
1621	31	61	826	2023-09-25 13:07:06.781608
1622	31	62	758	2023-09-25 13:07:06.781608
1623	31	63	727	2023-09-25 13:07:06.781608
1624	31	64	229	2023-09-25 13:07:06.781608
1625	31	65	696	2023-09-25 13:07:06.781608
1626	31	66	197	2023-09-25 13:07:06.781608
1627	31	67	348	2023-09-25 13:07:06.781608
1628	31	68	736	2023-09-25 13:07:06.781608
1629	31	69	523	2023-09-25 13:07:06.781608
1630	31	70	800	2023-09-25 13:07:06.781608
1631	31	71	656	2023-09-25 13:07:06.781608
1632	31	72	999	2023-09-25 13:07:06.781608
1633	31	73	855	2023-09-25 13:07:06.781608
1634	31	74	134	2023-09-25 13:07:06.781608
1635	31	75	18	2023-09-25 13:07:06.781608
1636	31	76	727	2023-09-25 13:07:06.781608
1637	31	77	177	2023-09-25 13:07:06.781608
1638	31	78	972	2023-09-25 13:07:06.781608
1639	32	1	348	2023-09-25 13:07:06.781608
1640	32	2	941	2023-09-25 13:07:06.781608
1641	32	3	669	2023-09-25 13:07:06.781608
1642	32	4	715	2023-09-25 13:07:06.781608
1643	32	5	428	2023-09-25 13:07:06.781608
1644	32	6	64	2023-09-25 13:07:06.781608
1645	32	7	274	2023-09-25 13:07:06.781608
1646	32	8	7	2023-09-25 13:07:06.781608
1647	32	9	206	2023-09-25 13:07:06.781608
1648	32	10	345	2023-09-25 13:07:06.781608
1649	32	11	226	2023-09-25 13:07:06.781608
1650	32	12	794	2023-09-25 13:07:06.781608
1651	32	13	266	2023-09-25 13:07:06.781608
1652	32	14	145	2023-09-25 13:07:06.781608
1653	32	15	678	2023-09-25 13:07:06.781608
1654	32	16	140	2023-09-25 13:07:06.781608
1655	32	17	965	2023-09-25 13:07:06.781608
1656	32	18	397	2023-09-25 13:07:06.781608
1657	32	19	60	2023-09-25 13:07:06.781608
1658	32	20	335	2023-09-25 13:07:06.781608
1659	32	21	28	2023-09-25 13:07:06.781608
1660	32	22	429	2023-09-25 13:07:06.781608
1661	32	23	543	2023-09-25 13:07:06.781608
1662	32	24	560	2023-09-25 13:07:06.781608
1663	32	25	250	2023-09-25 13:07:06.781608
1664	32	26	57	2023-09-25 13:07:06.781608
1665	32	27	364	2023-09-25 13:07:06.781608
1666	32	28	480	2023-09-25 13:07:06.781608
1667	32	29	117	2023-09-25 13:07:06.781608
1668	32	30	161	2023-09-25 13:07:06.781608
1669	32	31	8	2023-09-25 13:07:06.781608
1670	32	32	763	2023-09-25 13:07:06.781608
1671	32	33	424	2023-09-25 13:07:06.781608
1672	32	34	694	2023-09-25 13:07:06.781608
1673	32	35	735	2023-09-25 13:07:06.781608
1674	32	36	758	2023-09-25 13:07:06.781608
1675	32	37	678	2023-09-25 13:07:06.781608
1676	32	38	483	2023-09-25 13:07:06.781608
1677	32	39	609	2023-09-25 13:07:06.781608
1678	32	40	401	2023-09-25 13:07:06.781608
1679	32	41	234	2023-09-25 13:07:06.781608
1680	32	42	131	2023-09-25 13:07:06.781608
1681	32	43	34	2023-09-25 13:07:06.781608
1682	32	44	156	2023-09-25 13:07:06.781608
1683	32	45	684	2023-09-25 13:07:06.781608
1684	32	46	647	2023-09-25 13:07:06.781608
1685	32	47	520	2023-09-25 13:07:06.781608
1686	32	48	294	2023-09-25 13:07:06.781608
1687	32	49	166	2023-09-25 13:07:06.781608
1688	32	50	955	2023-09-25 13:07:06.781608
1689	32	51	468	2023-09-25 13:07:06.781608
1690	32	52	575	2023-09-25 13:07:06.781608
1691	32	53	632	2023-09-25 13:07:06.781608
1692	32	54	542	2023-09-25 13:07:06.781608
1693	32	55	776	2023-09-25 13:07:06.781608
1694	32	56	76	2023-09-25 13:07:06.781608
1695	32	57	990	2023-09-25 13:07:06.781608
1696	32	58	89	2023-09-25 13:07:06.781608
1697	32	59	837	2023-09-25 13:07:06.781608
1698	32	60	344	2023-09-25 13:07:06.781608
1699	32	61	743	2023-09-25 13:07:06.781608
1700	32	62	867	2023-09-25 13:07:06.781608
1701	32	63	629	2023-09-25 13:07:06.781608
1702	32	64	631	2023-09-25 13:07:06.781608
1703	32	65	726	2023-09-25 13:07:06.781608
1704	32	66	907	2023-09-25 13:07:06.781608
1705	32	67	264	2023-09-25 13:07:06.781608
1706	32	68	807	2023-09-25 13:07:06.781608
1707	32	69	763	2023-09-25 13:07:06.781608
1708	32	70	901	2023-09-25 13:07:06.781608
1709	32	71	44	2023-09-25 13:07:06.781608
1710	32	72	821	2023-09-25 13:07:06.781608
1711	32	73	136	2023-09-25 13:07:06.781608
1712	32	74	384	2023-09-25 13:07:06.781608
1713	32	75	361	2023-09-25 13:07:06.781608
1714	32	76	731	2023-09-25 13:07:06.781608
1715	32	77	276	2023-09-25 13:07:06.781608
1716	32	78	948	2023-09-25 13:07:06.781608
1717	33	1	158	2023-09-25 13:07:06.781608
1718	33	2	251	2023-09-25 13:07:06.781608
1719	33	3	889	2023-09-25 13:07:06.781608
1720	33	4	103	2023-09-25 13:07:06.781608
1721	33	5	953	2023-09-25 13:07:06.781608
1722	33	6	178	2023-09-25 13:07:06.781608
1723	33	7	950	2023-09-25 13:07:06.781608
1724	33	8	238	2023-09-25 13:07:06.781608
1725	33	9	183	2023-09-25 13:07:06.781608
1726	33	10	744	2023-09-25 13:07:06.781608
1727	33	11	760	2023-09-25 13:07:06.781608
1728	33	12	227	2023-09-25 13:07:06.781608
1729	33	13	973	2023-09-25 13:07:06.781608
1730	33	14	756	2023-09-25 13:07:06.781608
1731	33	15	291	2023-09-25 13:07:06.781608
1732	33	16	267	2023-09-25 13:07:06.781608
1733	33	17	863	2023-09-25 13:07:06.781608
1734	33	18	971	2023-09-25 13:07:06.781608
1735	33	19	558	2023-09-25 13:07:06.781608
1736	33	20	925	2023-09-25 13:07:06.781608
1737	33	21	88	2023-09-25 13:07:06.781608
1738	33	22	675	2023-09-25 13:07:06.781608
1739	33	23	297	2023-09-25 13:07:06.781608
1740	33	24	301	2023-09-25 13:07:06.781608
1741	33	25	83	2023-09-25 13:07:06.781608
1742	33	26	215	2023-09-25 13:07:06.781608
1743	33	27	24	2023-09-25 13:07:06.781608
1744	33	28	105	2023-09-25 13:07:06.781608
1745	33	29	915	2023-09-25 13:07:06.781608
1746	33	30	825	2023-09-25 13:07:06.781608
1747	33	31	840	2023-09-25 13:07:06.781608
1748	33	32	52	2023-09-25 13:07:06.781608
1749	33	33	636	2023-09-25 13:07:06.781608
1750	33	34	547	2023-09-25 13:07:06.781608
1751	33	35	568	2023-09-25 13:07:06.781608
1752	33	36	736	2023-09-25 13:07:06.781608
1753	33	37	475	2023-09-25 13:07:06.781608
1754	33	38	164	2023-09-25 13:07:06.781608
1755	33	39	771	2023-09-25 13:07:06.781608
1756	33	40	323	2023-09-25 13:07:06.781608
1757	33	41	492	2023-09-25 13:07:06.781608
1758	33	42	798	2023-09-25 13:07:06.781608
1759	33	43	581	2023-09-25 13:07:06.781608
1760	33	44	479	2023-09-25 13:07:06.781608
1761	33	45	634	2023-09-25 13:07:06.781608
1762	33	46	93	2023-09-25 13:07:06.781608
1763	33	47	475	2023-09-25 13:07:06.781608
1764	33	48	780	2023-09-25 13:07:06.781608
1765	33	49	112	2023-09-25 13:07:06.781608
1766	33	50	590	2023-09-25 13:07:06.781608
1767	33	51	997	2023-09-25 13:07:06.781608
1768	33	52	820	2023-09-25 13:07:06.781608
1769	33	53	853	2023-09-25 13:07:06.781608
1770	33	54	105	2023-09-25 13:07:06.781608
1771	33	55	79	2023-09-25 13:07:06.781608
1772	33	56	851	2023-09-25 13:07:06.781608
1773	33	57	496	2023-09-25 13:07:06.781608
1774	33	58	329	2023-09-25 13:07:06.781608
1775	33	59	960	2023-09-25 13:07:06.781608
1776	33	60	427	2023-09-25 13:07:06.781608
1777	33	61	528	2023-09-25 13:07:06.781608
1778	33	62	936	2023-09-25 13:07:06.781608
1779	33	63	572	2023-09-25 13:07:06.781608
1780	33	64	176	2023-09-25 13:07:06.781608
1781	33	65	683	2023-09-25 13:07:06.781608
1782	33	66	523	2023-09-25 13:07:06.781608
1783	33	67	714	2023-09-25 13:07:06.781608
1784	33	68	972	2023-09-25 13:07:06.781608
1785	33	69	551	2023-09-25 13:07:06.781608
1786	33	70	648	2023-09-25 13:07:06.781608
1787	33	71	870	2023-09-25 13:07:06.781608
1788	33	72	935	2023-09-25 13:07:06.781608
1789	33	73	368	2023-09-25 13:07:06.781608
1790	33	74	991	2023-09-25 13:07:06.781608
1791	33	75	295	2023-09-25 13:07:06.781608
1792	33	76	231	2023-09-25 13:07:06.781608
1793	33	77	520	2023-09-25 13:07:06.781608
1794	33	78	554	2023-09-25 13:07:06.781608
1795	34	1	246	2023-09-25 13:07:06.781608
1796	34	2	884	2023-09-25 13:07:06.781608
1797	34	3	145	2023-09-25 13:07:06.781608
1798	34	4	543	2023-09-25 13:07:06.781608
1799	34	5	213	2023-09-25 13:07:06.781608
1800	34	6	898	2023-09-25 13:07:06.781608
1801	34	7	159	2023-09-25 13:07:06.781608
1802	34	8	657	2023-09-25 13:07:06.781608
1803	34	9	606	2023-09-25 13:07:06.781608
1804	34	10	864	2023-09-25 13:07:06.781608
1805	34	11	643	2023-09-25 13:07:06.781608
1806	34	12	477	2023-09-25 13:07:06.781608
1807	34	13	67	2023-09-25 13:07:06.781608
1808	34	14	160	2023-09-25 13:07:06.781608
1809	34	15	153	2023-09-25 13:07:06.781608
1810	34	16	351	2023-09-25 13:07:06.781608
1811	34	17	817	2023-09-25 13:07:06.781608
1812	34	18	135	2023-09-25 13:07:06.781608
1813	34	19	478	2023-09-25 13:07:06.781608
1814	34	20	822	2023-09-25 13:07:06.781608
1815	34	21	975	2023-09-25 13:07:06.781608
1816	34	22	762	2023-09-25 13:07:06.781608
1817	34	23	520	2023-09-25 13:07:06.781608
1818	34	24	420	2023-09-25 13:07:06.781608
1819	34	25	662	2023-09-25 13:07:06.781608
1820	34	26	896	2023-09-25 13:07:06.781608
1821	34	27	528	2023-09-25 13:07:06.781608
1822	34	28	590	2023-09-25 13:07:06.781608
1823	34	29	731	2023-09-25 13:07:06.781608
1824	34	30	962	2023-09-25 13:07:06.781608
1825	34	31	116	2023-09-25 13:07:06.781608
1826	34	32	5	2023-09-25 13:07:06.781608
1827	34	33	11	2023-09-25 13:07:06.781608
1828	34	34	959	2023-09-25 13:07:06.781608
1829	34	35	480	2023-09-25 13:07:06.781608
1830	34	36	412	2023-09-25 13:07:06.781608
1831	34	37	900	2023-09-25 13:07:06.781608
1832	34	38	551	2023-09-25 13:07:06.781608
1833	34	39	589	2023-09-25 13:07:06.781608
1834	34	40	114	2023-09-25 13:07:06.781608
1835	34	41	507	2023-09-25 13:07:06.781608
1836	34	42	666	2023-09-25 13:07:06.781608
1837	34	43	16	2023-09-25 13:07:06.781608
1838	34	44	884	2023-09-25 13:07:06.781608
1839	34	45	382	2023-09-25 13:07:06.781608
1840	34	46	806	2023-09-25 13:07:06.781608
1841	34	47	386	2023-09-25 13:07:06.781608
1842	34	48	382	2023-09-25 13:07:06.781608
1843	34	49	383	2023-09-25 13:07:06.781608
1844	34	50	774	2023-09-25 13:07:06.781608
1845	34	51	261	2023-09-25 13:07:06.781608
1846	34	52	576	2023-09-25 13:07:06.781608
1847	34	53	564	2023-09-25 13:07:06.781608
1848	34	54	105	2023-09-25 13:07:06.781608
1849	34	55	962	2023-09-25 13:07:06.781608
1850	34	56	285	2023-09-25 13:07:06.781608
1851	34	57	38	2023-09-25 13:07:06.781608
1852	34	58	223	2023-09-25 13:07:06.781608
1853	34	59	320	2023-09-25 13:07:06.781608
1854	34	60	185	2023-09-25 13:07:06.781608
1855	34	61	863	2023-09-25 13:07:06.781608
1856	34	62	688	2023-09-25 13:07:06.781608
1857	34	63	411	2023-09-25 13:07:06.781608
1858	34	64	718	2023-09-25 13:07:06.781608
1859	34	65	649	2023-09-25 13:07:06.781608
1860	34	66	416	2023-09-25 13:07:06.781608
1861	34	67	833	2023-09-25 13:07:06.781608
1862	34	68	524	2023-09-25 13:07:06.781608
1863	34	69	325	2023-09-25 13:07:06.781608
1864	34	70	957	2023-09-25 13:07:06.781608
1865	34	71	132	2023-09-25 13:07:06.781608
1866	34	72	884	2023-09-25 13:07:06.781608
1867	34	73	402	2023-09-25 13:07:06.781608
1868	34	74	876	2023-09-25 13:07:06.781608
1869	34	75	478	2023-09-25 13:07:06.781608
1870	34	76	94	2023-09-25 13:07:06.781608
1871	34	77	941	2023-09-25 13:07:06.781608
1872	34	78	551	2023-09-25 13:07:06.781608
1873	35	1	5	2023-09-25 13:07:06.781608
1874	35	2	715	2023-09-25 13:07:06.781608
1875	35	3	892	2023-09-25 13:07:06.781608
1876	35	4	919	2023-09-25 13:07:06.781608
1877	35	5	263	2023-09-25 13:07:06.781608
1878	35	6	776	2023-09-25 13:07:06.781608
1879	35	7	550	2023-09-25 13:07:06.781608
1880	35	8	362	2023-09-25 13:07:06.781608
1881	35	9	757	2023-09-25 13:07:06.781608
1882	35	10	656	2023-09-25 13:07:06.781608
1883	35	11	881	2023-09-25 13:07:06.781608
1884	35	12	301	2023-09-25 13:07:06.781608
1885	35	13	259	2023-09-25 13:07:06.781608
1886	35	14	820	2023-09-25 13:07:06.781608
1887	35	15	461	2023-09-25 13:07:06.781608
1888	35	16	623	2023-09-25 13:07:06.781608
1889	35	17	884	2023-09-25 13:07:06.781608
1890	35	18	472	2023-09-25 13:07:06.781608
1891	35	19	840	2023-09-25 13:07:06.781608
1892	35	20	615	2023-09-25 13:07:06.781608
1893	35	21	165	2023-09-25 13:07:06.781608
1894	35	22	613	2023-09-25 13:07:06.781608
1895	35	23	481	2023-09-25 13:07:06.781608
1896	35	24	132	2023-09-25 13:07:06.781608
1897	35	25	507	2023-09-25 13:07:06.781608
1898	35	26	901	2023-09-25 13:07:06.781608
1899	35	27	690	2023-09-25 13:07:06.781608
1900	35	28	595	2023-09-25 13:07:06.781608
1901	35	29	716	2023-09-25 13:07:06.781608
1902	35	30	942	2023-09-25 13:07:06.781608
1903	35	31	613	2023-09-25 13:07:06.781608
1904	35	32	729	2023-09-25 13:07:06.781608
1905	35	33	25	2023-09-25 13:07:06.781608
1906	35	34	400	2023-09-25 13:07:06.781608
1907	35	35	693	2023-09-25 13:07:06.781608
1908	35	36	379	2023-09-25 13:07:06.781608
1909	35	37	478	2023-09-25 13:07:06.781608
1910	35	38	351	2023-09-25 13:07:06.781608
1911	35	39	508	2023-09-25 13:07:06.781608
1912	35	40	168	2023-09-25 13:07:06.781608
1913	35	41	286	2023-09-25 13:07:06.781608
1914	35	42	901	2023-09-25 13:07:06.781608
1915	35	43	746	2023-09-25 13:07:06.781608
1916	35	44	217	2023-09-25 13:07:06.781608
1917	35	45	17	2023-09-25 13:07:06.781608
1918	35	46	938	2023-09-25 13:07:06.781608
1919	35	47	718	2023-09-25 13:07:06.781608
1920	35	48	573	2023-09-25 13:07:06.781608
1921	35	49	258	2023-09-25 13:07:06.781608
1922	35	50	545	2023-09-25 13:07:06.781608
1923	35	51	178	2023-09-25 13:07:06.781608
1924	35	52	65	2023-09-25 13:07:06.781608
1925	35	53	801	2023-09-25 13:07:06.781608
1926	35	54	417	2023-09-25 13:07:06.781608
1927	35	55	867	2023-09-25 13:07:06.781608
1928	35	56	819	2023-09-25 13:07:06.781608
1929	35	57	871	2023-09-25 13:07:06.781608
1930	35	58	546	2023-09-25 13:07:06.781608
1931	35	59	760	2023-09-25 13:07:06.781608
1932	35	60	9	2023-09-25 13:07:06.781608
1933	35	61	399	2023-09-25 13:07:06.781608
1934	35	62	596	2023-09-25 13:07:06.781608
1935	35	63	161	2023-09-25 13:07:06.781608
1936	35	64	259	2023-09-25 13:07:06.781608
1937	35	65	781	2023-09-25 13:07:06.781608
1938	35	66	965	2023-09-25 13:07:06.781608
1939	35	67	817	2023-09-25 13:07:06.781608
1940	35	68	474	2023-09-25 13:07:06.781608
1941	35	69	758	2023-09-25 13:07:06.781608
1942	35	70	420	2023-09-25 13:07:06.781608
1943	35	71	40	2023-09-25 13:07:06.781608
1944	35	72	432	2023-09-25 13:07:06.781608
1945	35	73	284	2023-09-25 13:07:06.781608
1946	35	74	943	2023-09-25 13:07:06.781608
1947	35	75	225	2023-09-25 13:07:06.781608
1948	35	76	746	2023-09-25 13:07:06.781608
1949	35	77	373	2023-09-25 13:07:06.781608
1950	35	78	638	2023-09-25 13:07:06.781608
1951	36	1	380	2023-09-25 13:07:06.781608
1952	36	2	539	2023-09-25 13:07:06.781608
1953	36	3	524	2023-09-25 13:07:06.781608
1954	36	4	82	2023-09-25 13:07:06.781608
1955	36	5	595	2023-09-25 13:07:06.781608
1956	36	6	404	2023-09-25 13:07:06.781608
1957	36	7	132	2023-09-25 13:07:06.781608
1958	36	8	729	2023-09-25 13:07:06.781608
1959	36	9	366	2023-09-25 13:07:06.781608
1960	36	10	740	2023-09-25 13:07:06.781608
1961	36	11	431	2023-09-25 13:07:06.781608
1962	36	12	51	2023-09-25 13:07:06.781608
1963	36	13	131	2023-09-25 13:07:06.781608
1964	36	14	892	2023-09-25 13:07:06.781608
1965	36	15	538	2023-09-25 13:07:06.781608
1966	36	16	164	2023-09-25 13:07:06.781608
1967	36	17	49	2023-09-25 13:07:06.781608
1968	36	18	552	2023-09-25 13:07:06.781608
1969	36	19	522	2023-09-25 13:07:06.781608
1970	36	20	162	2023-09-25 13:07:06.781608
1971	36	21	492	2023-09-25 13:07:06.781608
1972	36	22	600	2023-09-25 13:07:06.781608
1973	36	23	754	2023-09-25 13:07:06.781608
1974	36	24	247	2023-09-25 13:07:06.781608
1975	36	25	647	2023-09-25 13:07:06.781608
1976	36	26	950	2023-09-25 13:07:06.781608
1977	36	27	829	2023-09-25 13:07:06.781608
1978	36	28	612	2023-09-25 13:07:06.781608
1979	36	29	489	2023-09-25 13:07:06.781608
1980	36	30	511	2023-09-25 13:07:06.781608
1981	36	31	616	2023-09-25 13:07:06.781608
1982	36	32	758	2023-09-25 13:07:06.781608
1983	36	33	852	2023-09-25 13:07:06.781608
1984	36	34	54	2023-09-25 13:07:06.781608
1985	36	35	742	2023-09-25 13:07:06.781608
1986	36	36	339	2023-09-25 13:07:06.781608
1987	36	37	588	2023-09-25 13:07:06.781608
1988	36	38	677	2023-09-25 13:07:06.781608
1989	36	39	401	2023-09-25 13:07:06.781608
1990	36	40	375	2023-09-25 13:07:06.781608
1991	36	41	748	2023-09-25 13:07:06.781608
1992	36	42	680	2023-09-25 13:07:06.781608
1993	36	43	447	2023-09-25 13:07:06.781608
1994	36	44	927	2023-09-25 13:07:06.781608
1995	36	45	11	2023-09-25 13:07:06.781608
1996	36	46	532	2023-09-25 13:07:06.781608
1997	36	47	567	2023-09-25 13:07:06.781608
1998	36	48	365	2023-09-25 13:07:06.781608
1999	36	49	485	2023-09-25 13:07:06.781608
2000	36	50	392	2023-09-25 13:07:06.781608
2001	36	51	28	2023-09-25 13:07:06.781608
2002	36	52	837	2023-09-25 13:07:06.781608
2003	36	53	697	2023-09-25 13:07:06.781608
2004	36	54	329	2023-09-25 13:07:06.781608
2005	36	55	168	2023-09-25 13:07:06.781608
2006	36	56	382	2023-09-25 13:07:06.781608
2007	36	57	481	2023-09-25 13:07:06.781608
2008	36	58	102	2023-09-25 13:07:06.781608
2009	36	59	984	2023-09-25 13:07:06.781608
2010	36	60	257	2023-09-25 13:07:06.781608
2011	36	61	495	2023-09-25 13:07:06.781608
2012	36	62	790	2023-09-25 13:07:06.781608
2013	36	63	912	2023-09-25 13:07:06.781608
2014	36	64	266	2023-09-25 13:07:06.781608
2015	36	65	798	2023-09-25 13:07:06.781608
2016	36	66	735	2023-09-25 13:07:06.781608
2017	36	67	97	2023-09-25 13:07:06.781608
2018	36	68	306	2023-09-25 13:07:06.781608
2019	36	69	736	2023-09-25 13:07:06.781608
2020	36	70	387	2023-09-25 13:07:06.781608
2021	36	71	72	2023-09-25 13:07:06.781608
2022	36	72	644	2023-09-25 13:07:06.781608
2023	36	73	280	2023-09-25 13:07:06.781608
2024	36	74	933	2023-09-25 13:07:06.781608
2025	36	75	125	2023-09-25 13:07:06.781608
2026	36	76	882	2023-09-25 13:07:06.781608
2027	36	77	791	2023-09-25 13:07:06.781608
2028	36	78	559	2023-09-25 13:07:06.781608
2029	37	1	611	2023-09-25 13:07:06.781608
2030	37	2	771	2023-09-25 13:07:06.781608
2031	37	3	198	2023-09-25 13:07:06.781608
2032	37	4	293	2023-09-25 13:07:06.781608
2033	37	5	750	2023-09-25 13:07:06.781608
2034	37	6	432	2023-09-25 13:07:06.781608
2035	37	7	282	2023-09-25 13:07:06.781608
2036	37	8	548	2023-09-25 13:07:06.781608
2037	37	9	862	2023-09-25 13:07:06.781608
2038	37	10	497	2023-09-25 13:07:06.781608
2039	37	11	442	2023-09-25 13:07:06.781608
2040	37	12	155	2023-09-25 13:07:06.781608
2041	37	13	574	2023-09-25 13:07:06.781608
2042	37	14	106	2023-09-25 13:07:06.781608
2043	37	15	382	2023-09-25 13:07:06.781608
2044	37	16	491	2023-09-25 13:07:06.781608
2045	37	17	119	2023-09-25 13:07:06.781608
2046	37	18	467	2023-09-25 13:07:06.781608
2047	37	19	731	2023-09-25 13:07:06.781608
2048	37	20	563	2023-09-25 13:07:06.781608
2049	37	21	741	2023-09-25 13:07:06.781608
2050	37	22	217	2023-09-25 13:07:06.781608
2051	37	23	31	2023-09-25 13:07:06.781608
2052	37	24	838	2023-09-25 13:07:06.781608
2053	37	25	281	2023-09-25 13:07:06.781608
2054	37	26	653	2023-09-25 13:07:06.781608
2055	37	27	952	2023-09-25 13:07:06.781608
2056	37	28	582	2023-09-25 13:07:06.781608
2057	37	29	917	2023-09-25 13:07:06.781608
2058	37	30	745	2023-09-25 13:07:06.781608
2059	37	31	959	2023-09-25 13:07:06.781608
2060	37	32	184	2023-09-25 13:07:06.781608
2061	37	33	479	2023-09-25 13:07:06.781608
2062	37	34	111	2023-09-25 13:07:06.781608
2063	37	35	464	2023-09-25 13:07:06.781608
2064	37	36	821	2023-09-25 13:07:06.781608
2065	37	37	963	2023-09-25 13:07:06.781608
2066	37	38	619	2023-09-25 13:07:06.781608
2067	37	39	120	2023-09-25 13:07:06.781608
2068	37	40	126	2023-09-25 13:07:06.781608
2069	37	41	274	2023-09-25 13:07:06.781608
2070	37	42	413	2023-09-25 13:07:06.781608
2071	37	43	156	2023-09-25 13:07:06.781608
2072	37	44	661	2023-09-25 13:07:06.781608
2073	37	45	617	2023-09-25 13:07:06.781608
2074	37	46	880	2023-09-25 13:07:06.781608
2075	37	47	532	2023-09-25 13:07:06.781608
2076	37	48	785	2023-09-25 13:07:06.781608
2077	37	49	568	2023-09-25 13:07:06.781608
2078	37	50	536	2023-09-25 13:07:06.781608
2079	37	51	87	2023-09-25 13:07:06.781608
2080	37	52	385	2023-09-25 13:07:06.781608
2081	37	53	890	2023-09-25 13:07:06.781608
2082	37	54	425	2023-09-25 13:07:06.781608
2083	37	55	499	2023-09-25 13:07:06.781608
2084	37	56	258	2023-09-25 13:07:06.781608
2085	37	57	862	2023-09-25 13:07:06.781608
2086	37	58	156	2023-09-25 13:07:06.781608
2087	37	59	816	2023-09-25 13:07:06.781608
2088	37	60	137	2023-09-25 13:07:06.781608
2089	37	61	697	2023-09-25 13:07:06.781608
2090	37	62	905	2023-09-25 13:07:06.781608
2091	37	63	939	2023-09-25 13:07:06.781608
2092	37	64	353	2023-09-25 13:07:06.781608
2093	37	65	855	2023-09-25 13:07:06.781608
2094	37	66	145	2023-09-25 13:07:06.781608
2095	37	67	857	2023-09-25 13:07:06.781608
2096	37	68	398	2023-09-25 13:07:06.781608
2097	37	69	442	2023-09-25 13:07:06.781608
2098	37	70	555	2023-09-25 13:07:06.781608
2099	37	71	831	2023-09-25 13:07:06.781608
2100	37	72	622	2023-09-25 13:07:06.781608
2101	37	73	688	2023-09-25 13:07:06.781608
2102	37	74	812	2023-09-25 13:07:06.781608
2103	37	75	300	2023-09-25 13:07:06.781608
2104	37	76	452	2023-09-25 13:07:06.781608
2105	37	77	893	2023-09-25 13:07:06.781608
2106	37	78	169	2023-09-25 13:07:06.781608
\.


--
-- TOC entry 2921 (class 0 OID 16747)
-- Dependencies: 216
-- Data for Name: stock_opname; Type: TABLE DATA; Schema: public; Owner: postgres
--

COPY stock_opname (id_cut_off, id_stock, quantity, real_quantity) FROM stdin;
3	1	396	409
3	2	765	776
3	3	866	877
3	4	525	519
3	5	778	786
3	6	765	772
3	7	138	145
3	8	790	789
3	9	86	105
3	10	222	221
3	11	684	685
3	12	723	728
3	13	211	224
3	14	741	747
3	15	969	984
3	16	15	29
3	17	742	743
3	18	605	615
3	19	270	281
3	20	298	305
3	21	385	378
3	22	607	599
3	23	207	208
3	24	1000	997
3	25	11	13
3	26	695	712
3	27	413	423
3	28	205	195
3	29	30	24
3	30	628	622
3	31	64	78
3	32	831	827
3	33	919	930
3	34	594	613
3	35	436	453
3	36	732	745
3	37	7	4
3	38	31	48
3	39	971	971
3	40	972	969
3	41	552	548
3	42	306	319
3	43	775	789
3	44	548	538
3	45	935	943
3	46	57	63
3	47	247	242
3	48	509	509
3	49	321	336
3	50	916	930
3	51	778	788
3	52	409	403
3	53	469	480
3	54	299	299
3	55	382	388
3	56	632	630
3	57	933	930
3	58	356	369
3	59	477	474
3	60	478	487
3	61	483	484
3	62	66	65
3	63	401	399
3	64	386	403
3	65	144	156
3	66	431	438
3	67	797	808
3	68	917	913
3	69	468	483
3	70	762	755
3	71	614	623
3	72	613	622
3	73	847	847
3	74	851	865
3	75	922	928
3	76	640	656
3	77	499	492
3	78	295	311
3	79	93	104
3	80	837	832
3	81	847	851
3	82	266	260
3	83	535	553
3	84	912	914
3	85	2	18
3	86	355	368
3	87	375	386
3	88	825	821
3	89	945	948
3	90	907	899
3	91	262	258
3	92	766	774
3	93	400	391
3	94	984	985
3	95	211	229
3	96	438	448
3	97	559	562
3	98	296	293
3	99	926	940
3	100	61	73
3	101	423	433
3	102	248	240
3	103	669	660
3	104	409	400
3	105	210	227
3	106	602	609
3	107	159	157
3	108	357	371
3	109	485	500
3	110	963	960
3	111	538	537
3	112	675	687
3	113	615	621
3	114	687	691
3	115	497	507
3	116	696	692
3	117	115	109
3	118	383	377
3	119	771	779
3	120	936	940
3	121	17	11
3	122	551	554
3	123	351	355
3	124	810	821
3	125	801	805
3	126	469	459
3	127	647	664
3	128	177	183
3	129	654	649
3	130	891	892
3	131	125	125
3	132	219	209
3	133	23	31
3	134	855	868
3	135	456	449
3	136	2	3
3	137	929	925
3	138	747	757
3	139	337	350
3	140	197	188
3	141	459	450
3	142	912	919
3	143	764	757
3	144	755	770
3	145	942	934
3	146	768	758
3	147	798	803
3	148	604	616
3	149	530	530
3	150	386	391
3	151	723	731
3	152	578	575
3	153	530	535
3	154	441	445
3	155	774	780
3	156	120	137
3	157	512	517
3	158	912	907
3	159	494	485
3	160	729	720
3	161	851	867
3	162	748	741
3	163	607	614
3	164	537	535
3	165	418	416
3	166	339	344
3	167	555	569
3	168	754	765
3	169	851	864
3	170	116	114
3	171	421	415
3	172	345	335
3	173	739	738
3	174	221	239
3	175	560	552
3	176	306	306
3	177	675	673
3	178	175	194
3	179	410	401
3	180	30	25
3	181	897	912
3	182	1000	1006
3	183	482	486
3	184	757	757
3	185	175	189
3	186	815	825
3	187	697	695
3	188	158	168
3	189	984	982
3	190	372	374
3	191	934	947
3	192	17	33
3	193	202	215
3	194	260	261
3	195	874	871
3	196	557	565
3	197	948	939
3	198	119	115
3	199	954	963
3	200	367	382
3	201	296	295
3	202	382	383
3	203	205	206
3	204	620	613
3	205	874	871
3	206	153	161
3	207	26	37
3	208	460	459
3	209	716	708
3	210	304	303
3	211	868	876
3	212	51	68
3	213	461	461
3	214	908	923
3	215	804	813
3	216	108	124
3	217	500	513
3	218	385	375
3	219	791	788
3	220	182	188
3	221	60	79
3	222	250	257
3	223	803	805
3	224	851	842
3	225	366	369
3	226	81	81
3	227	393	390
3	228	302	292
3	229	914	905
3	230	982	974
3	231	324	316
3	232	856	860
3	233	858	862
3	234	763	765
3	235	964	962
3	236	336	349
3	237	329	320
3	238	672	675
3	239	6	6
3	240	146	141
3	241	62	58
3	242	568	584
3	243	530	539
3	244	596	602
3	245	570	569
3	246	966	961
3	247	707	725
3	248	724	734
3	249	593	597
3	250	482	473
3	251	784	779
3	252	250	252
3	253	200	194
3	254	779	777
3	255	834	834
3	256	732	745
3	257	341	345
3	258	413	421
3	259	81	73
3	260	646	658
3	261	440	456
3	262	733	730
3	263	897	895
3	264	368	378
3	265	604	596
3	266	731	750
3	267	520	519
3	268	578	585
3	269	877	893
3	270	36	41
3	271	766	757
3	272	940	940
3	273	866	864
3	274	808	826
3	275	901	914
3	276	143	152
3	277	504	521
3	278	505	516
3	279	97	97
3	280	86	91
3	281	421	423
3	282	450	445
3	283	679	681
3	284	884	874
3	285	662	675
3	286	831	840
3	287	391	403
3	288	888	888
3	289	482	485
3	290	674	693
3	291	84	95
3	292	476	482
3	293	906	898
3	294	281	298
3	295	463	458
3	296	343	345
3	297	167	162
3	298	220	214
3	299	239	248
3	300	377	383
3	301	198	202
3	302	945	945
3	303	408	423
3	304	402	414
3	305	23	20
3	306	330	322
3	307	499	518
3	308	463	469
3	309	145	148
3	310	326	345
3	311	759	774
3	312	591	593
3	313	304	299
3	314	800	791
3	315	151	170
3	316	892	907
3	317	149	139
3	318	544	538
3	319	186	186
3	320	27	17
3	321	273	288
3	322	34	51
3	323	358	350
3	324	130	121
3	325	469	478
3	326	675	676
3	327	977	967
3	328	531	529
3	329	232	240
3	330	849	854
3	331	461	472
3	332	309	317
3	333	186	192
3	334	765	783
3	335	520	521
3	336	375	393
3	337	771	766
3	338	80	86
3	339	778	775
3	340	886	894
3	341	976	985
3	342	898	893
3	343	209	210
3	344	174	177
3	345	35	42
3	346	615	627
3	347	622	640
3	348	858	865
3	349	397	407
3	350	264	260
3	351	491	501
3	352	315	332
3	353	382	401
3	354	342	347
3	355	556	575
3	356	627	645
3	357	164	159
3	358	576	579
3	359	278	273
3	360	351	343
3	361	918	916
3	362	634	627
3	363	839	839
3	364	992	988
3	365	461	456
3	366	313	328
3	367	566	570
3	368	763	755
3	369	808	805
3	370	439	456
3	371	597	592
3	372	615	618
3	373	906	905
3	374	232	249
3	375	907	897
3	376	533	548
3	377	152	165
3	378	708	726
3	379	510	516
3	380	780	793
3	381	236	238
3	382	296	296
3	383	333	326
3	384	72	85
3	385	473	486
3	386	923	920
3	387	710	724
3	388	179	188
3	389	94	113
3	390	669	687
3	391	430	431
3	392	103	119
3	393	556	547
3	394	717	707
3	395	122	132
3	396	999	995
3	397	588	579
3	398	707	719
3	399	519	526
3	400	278	281
3	401	437	454
3	402	152	144
3	403	739	746
3	404	564	580
3	405	441	445
3	406	956	958
3	407	339	358
3	408	448	451
3	409	844	843
3	410	34	41
3	411	154	147
3	412	379	373
3	413	599	609
3	414	984	1002
3	415	180	191
3	416	701	718
3	417	298	290
3	418	760	757
3	419	212	217
3	420	489	493
3	421	185	203
3	422	522	525
3	423	161	158
3	424	517	524
3	425	358	357
3	426	589	593
3	427	849	865
3	428	682	692
3	429	507	525
3	430	792	811
3	431	221	217
3	432	663	680
3	433	223	232
3	434	884	898
3	435	990	989
3	436	237	247
3	437	669	675
3	438	81	76
3	439	456	453
3	440	698	700
3	441	12	6
3	442	858	868
3	443	913	909
3	444	564	554
3	445	990	984
3	446	596	592
3	447	615	630
3	448	325	335
3	449	556	554
3	450	552	549
3	451	605	606
3	452	334	329
3	453	46	42
3	454	379	375
3	455	933	933
3	456	166	169
3	457	483	476
3	458	324	327
3	459	481	476
3	460	404	395
3	461	665	680
3	462	618	610
3	463	995	1001
3	464	886	902
3	465	675	679
3	466	906	907
3	467	257	265
3	468	142	136
3	469	596	599
3	470	953	944
3	471	982	992
3	472	74	75
3	473	961	959
3	474	177	196
3	475	944	944
3	476	552	554
3	477	907	902
3	478	534	540
3	479	495	493
3	480	664	669
3	481	14	19
3	482	150	142
3	483	665	656
3	484	932	935
3	485	390	405
3	486	405	403
3	487	111	107
3	488	209	219
3	489	996	987
3	490	313	303
3	491	447	465
3	492	678	682
3	493	358	355
3	494	498	511
3	495	984	998
3	496	803	799
3	497	442	441
3	498	407	424
3	499	243	254
3	500	241	243
3	501	296	312
3	502	901	912
3	503	81	94
3	504	998	992
3	505	253	263
3	506	892	885
3	507	157	176
3	508	161	167
3	509	729	739
3	510	354	353
3	511	104	109
3	512	616	621
3	513	407	414
3	514	873	892
3	515	290	298
3	516	599	605
3	517	551	545
3	518	860	874
3	519	751	754
3	520	996	992
3	521	223	234
3	522	5	2
3	523	627	624
3	524	726	721
3	525	779	777
3	526	122	115
3	527	734	746
3	528	803	813
3	529	536	527
3	530	941	956
3	531	172	179
3	532	927	932
3	533	408	422
3	534	75	83
3	535	890	887
3	536	227	220
3	537	190	202
3	538	237	254
3	539	838	833
3	540	749	751
3	541	552	543
3	542	108	111
3	543	792	788
3	544	76	70
3	545	606	600
3	546	205	204
3	547	685	689
3	548	182	190
3	549	576	589
3	550	720	726
3	551	503	500
3	552	12	15
3	553	2	19
3	554	146	151
3	555	751	744
3	556	938	928
3	557	274	289
3	558	245	237
3	559	513	505
3	560	914	906
3	561	67	69
3	562	496	488
3	563	67	58
3	564	53	52
3	565	456	468
3	566	977	984
3	567	412	426
3	568	164	182
3	569	453	472
3	570	962	973
3	571	455	454
3	572	322	320
3	573	485	483
3	574	497	496
3	575	597	614
3	576	471	488
3	577	546	554
3	578	369	361
3	579	356	367
3	580	790	798
3	581	403	396
3	582	247	251
3	583	126	123
3	584	673	668
3	585	323	319
3	586	29	38
3	587	232	238
3	588	745	743
3	589	303	313
3	590	438	441
3	591	871	890
3	592	890	894
3	593	1000	1011
3	594	696	713
3	595	71	71
3	596	474	470
3	597	504	509
3	598	181	181
3	599	276	295
3	600	266	276
3	601	376	369
3	602	772	783
3	603	138	147
3	604	299	291
3	605	905	906
3	606	344	348
3	607	366	361
3	608	516	535
3	609	442	441
3	610	277	296
3	611	392	383
3	612	293	299
3	613	616	627
3	614	985	999
3	615	113	129
3	616	467	480
3	617	868	877
3	618	244	255
3	619	917	909
3	620	402	408
3	621	610	615
3	622	402	396
3	623	938	938
3	624	771	778
3	625	436	455
3	626	629	624
3	627	329	347
3	628	644	651
3	629	642	647
3	630	744	736
3	631	862	860
3	632	41	57
3	633	369	382
3	634	511	506
3	635	336	354
3	636	440	450
3	637	166	156
3	638	881	894
3	639	852	861
3	640	697	709
3	641	754	760
3	642	363	355
3	643	560	552
3	644	126	132
3	645	291	292
3	646	711	729
3	647	933	949
3	648	943	934
3	649	942	946
3	650	433	445
3	651	273	264
3	652	185	201
3	653	101	116
3	654	358	360
3	655	951	954
3	656	408	409
3	657	905	908
3	658	810	802
3	659	914	913
3	660	739	758
3	661	807	821
3	662	812	803
3	663	278	269
3	664	157	168
3	665	989	989
3	666	612	630
3	667	144	158
3	668	427	424
3	669	268	263
3	670	358	349
3	671	312	322
3	672	974	979
3	673	434	447
3	674	799	793
3	675	695	705
3	676	862	861
3	677	410	416
3	678	817	831
3	679	385	386
3	680	51	61
3	681	303	299
3	682	548	540
3	683	488	501
3	684	491	508
3	685	924	921
3	686	992	982
3	687	539	530
3	688	468	461
3	689	185	183
3	690	765	774
3	691	306	313
3	692	814	812
3	693	430	436
3	694	913	926
3	695	715	705
3	696	134	142
3	697	147	144
3	698	291	298
3	699	813	808
3	700	616	607
3	701	980	979
3	702	457	459
3	703	81	97
3	704	206	224
3	705	942	952
3	706	575	588
3	707	889	886
3	708	77	93
3	709	374	385
3	710	645	642
3	711	566	558
3	712	326	324
3	713	380	388
3	714	113	117
3	715	9	-1
3	716	351	348
3	717	263	278
3	718	475	466
3	719	223	214
3	720	409	405
3	721	135	134
3	722	748	759
3	723	920	910
3	724	495	495
3	725	423	417
3	726	448	456
3	727	659	656
3	728	145	139
3	729	968	984
3	730	1	12
3	731	935	939
3	732	439	455
3	733	922	925
3	734	38	33
3	735	642	637
3	736	804	814
3	737	526	527
3	738	974	985
3	739	987	1006
3	740	3	8
3	741	84	90
3	742	251	261
3	743	952	947
3	744	418	412
3	745	392	382
3	746	992	983
3	747	995	994
3	748	858	850
3	749	331	339
3	750	46	56
3	751	674	684
3	752	926	942
3	753	54	63
3	754	89	79
3	755	188	178
3	756	718	731
3	757	992	1008
3	758	862	878
3	759	459	449
3	760	408	408
3	761	791	793
3	762	640	644
3	763	794	786
3	764	974	981
3	765	103	110
3	766	686	685
3	767	684	701
3	768	98	109
3	769	276	282
3	770	921	919
3	771	877	878
3	772	456	457
3	773	108	101
3	774	119	109
3	775	89	84
3	776	478	481
3	777	857	865
3	778	158	176
3	779	203	196
3	780	996	1013
3	781	81	97
3	782	659	669
3	783	195	214
3	784	375	374
3	785	54	67
3	786	665	680
3	787	691	693
3	788	982	979
3	789	782	779
3	790	19	17
3	791	772	762
3	792	678	672
3	793	813	824
3	794	5	18
3	795	410	407
3	796	167	168
3	797	418	419
3	798	586	585
3	799	646	647
3	800	933	952
3	801	447	458
3	802	702	697
3	803	87	101
3	804	564	568
3	805	438	445
3	806	312	318
3	807	405	413
3	808	879	898
3	809	997	990
3	810	967	974
3	811	800	803
3	812	389	389
3	813	110	110
3	814	205	216
3	815	952	944
3	816	664	676
3	817	953	962
3	818	7	0
3	819	836	854
3	820	656	666
3	821	860	875
3	822	262	278
3	823	363	357
3	824	336	345
3	825	880	896
3	826	9	17
3	827	740	741
3	828	222	215
3	829	597	587
3	830	205	221
3	831	245	242
3	832	987	998
3	833	548	548
3	834	577	595
3	835	177	190
3	836	764	770
3	837	317	307
3	838	570	567
3	839	627	634
3	840	800	815
3	841	540	540
3	842	437	427
3	843	595	589
3	844	451	445
3	845	285	295
3	846	786	795
3	847	436	441
3	848	117	114
3	849	190	195
3	850	526	528
3	851	595	591
3	852	815	808
3	853	22	30
3	854	663	668
3	855	767	771
3	856	577	572
3	857	922	936
3	858	150	155
3	859	570	586
3	860	650	652
3	861	120	112
3	862	301	320
3	863	506	521
3	864	308	325
3	865	707	703
3	866	759	749
3	867	434	445
3	868	599	613
3	869	654	670
3	870	838	836
3	871	318	311
3	872	141	140
3	873	411	403
3	874	30	41
3	875	202	192
3	876	454	457
3	877	562	558
3	878	573	570
3	879	665	674
3	880	815	808
3	881	262	261
3	882	383	378
3	883	783	796
3	884	102	111
3	885	938	932
3	886	968	973
3	887	318	333
3	888	195	186
3	889	532	544
3	890	732	741
3	891	577	574
3	892	468	484
3	893	579	598
3	894	739	746
3	895	765	780
3	896	581	591
3	897	799	804
3	898	279	287
3	899	371	377
3	900	787	782
3	901	522	526
3	902	752	752
3	903	19	22
3	904	301	306
3	905	823	813
3	906	437	434
3	907	626	630
3	908	1	-7
3	909	524	537
3	910	714	711
3	911	627	645
3	912	907	901
3	913	170	168
3	914	472	474
3	915	396	403
3	916	144	158
3	917	628	619
3	918	732	722
3	919	44	37
3	920	463	469
3	921	187	193
3	922	335	340
3	923	59	71
3	924	77	92
3	925	4	0
3	926	627	641
3	927	166	185
3	928	606	616
3	929	846	844
3	930	230	247
3	931	524	524
3	932	85	104
3	933	236	227
3	934	548	560
3	935	515	512
3	936	291	300
3	937	260	274
3	938	870	880
3	939	779	770
3	940	410	402
3	941	115	107
3	942	820	835
3	943	459	456
3	944	392	392
3	945	399	410
3	946	41	44
3	947	493	507
3	948	984	1001
3	949	765	760
3	950	147	159
3	951	915	910
3	952	616	615
3	953	619	636
3	954	52	43
3	955	859	861
3	956	281	287
3	957	641	638
3	958	270	261
3	959	154	158
3	960	512	512
3	961	188	195
3	962	882	880
3	963	45	63
3	964	436	431
3	965	513	529
3	966	930	923
3	967	705	709
3	968	705	695
3	969	855	859
3	970	351	365
3	971	413	410
3	972	511	514
3	973	93	96
3	974	512	504
3	975	863	855
3	976	877	894
3	977	904	897
3	978	440	450
3	979	132	147
3	980	61	55
3	981	320	326
3	982	56	74
3	983	967	966
3	984	427	418
3	985	828	837
3	986	968	959
3	987	944	952
3	988	977	989
3	989	694	687
3	990	437	455
3	991	440	430
3	992	184	181
3	993	924	940
3	994	189	198
3	995	608	598
3	996	896	894
3	997	217	211
3	998	366	383
3	999	591	593
3	1000	31	25
3	1001	659	669
3	1002	516	507
3	1003	991	996
3	1004	349	361
3	1005	679	678
3	1006	534	526
3	1007	265	282
3	1008	805	799
3	1009	626	636
3	1010	498	514
3	1011	861	874
3	1012	219	226
3	1013	28	32
3	1014	666	664
3	1015	778	779
3	1016	382	385
3	1017	237	241
3	1018	397	403
3	1019	178	190
3	1020	4	12
3	1021	517	529
3	1022	449	459
3	1023	971	980
3	1024	416	417
3	1025	117	116
3	1026	163	181
3	1027	101	105
3	1028	850	859
3	1029	179	189
3	1030	330	332
3	1031	876	872
3	1032	814	807
3	1033	315	312
3	1034	411	402
3	1035	972	975
3	1036	300	303
3	1037	921	929
3	1038	937	936
3	1039	206	214
3	1040	657	676
3	1041	21	35
3	1042	30	42
3	1043	248	263
3	1044	254	262
3	1045	192	199
3	1046	447	452
3	1047	817	820
3	1048	954	968
3	1049	492	489
3	1050	376	371
3	1051	755	768
3	1052	651	644
3	1053	764	755
3	1054	577	578
3	1055	377	378
3	1056	287	288
3	1057	276	271
3	1058	631	646
3	1059	632	644
3	1060	16	14
3	1061	608	607
3	1062	990	997
3	1063	682	689
3	1064	164	154
3	1065	613	631
3	1066	802	797
3	1067	28	19
3	1068	99	108
3	1069	257	257
3	1070	823	815
3	1071	475	473
3	1072	627	629
3	1073	109	102
3	1074	968	959
3	1075	973	982
3	1076	495	503
3	1077	322	324
3	1078	724	720
3	1079	150	146
3	1080	472	480
3	1081	414	419
3	1082	904	910
3	1083	824	837
3	1084	322	338
3	1085	3	8
3	1086	263	259
3	1087	412	416
3	1088	259	272
3	1089	603	597
3	1090	877	880
3	1091	327	331
3	1092	730	729
3	1093	577	582
3	1094	829	839
3	1095	870	866
3	1096	116	113
3	1097	447	446
3	1098	479	491
3	1099	688	690
3	1100	270	284
3	1101	797	814
3	1102	162	169
3	1103	483	474
3	1104	268	264
3	1105	550	555
3	1106	626	642
3	1107	970	965
3	1108	918	911
3	1109	96	95
3	1110	461	467
3	1111	7	24
3	1112	94	102
3	1113	585	584
3	1114	447	454
3	1115	772	769
3	1116	867	866
3	1117	277	290
3	1118	653	672
3	1119	879	881
3	1120	498	495
3	1121	507	519
3	1122	651	648
3	1123	430	436
3	1124	17	7
3	1125	96	94
3	1126	716	711
3	1127	487	482
3	1128	331	331
3	1129	669	672
3	1130	76	93
3	1131	904	898
3	1132	478	496
3	1133	797	804
3	1134	168	164
3	1135	367	380
3	1136	612	606
3	1137	227	244
3	1138	595	600
3	1139	109	116
3	1140	302	314
3	1141	166	166
3	1142	736	747
3	1143	722	739
3	1144	364	367
3	1145	85	102
3	1146	190	207
3	1147	699	706
3	1148	70	68
3	1149	128	139
3	1150	949	954
3	1151	550	567
3	1152	918	924
3	1153	898	909
3	1154	66	56
3	1155	212	205
3	1156	944	935
3	1157	262	266
3	1158	909	928
3	1159	815	833
3	1160	649	651
3	1161	331	335
3	1162	882	882
3	1163	45	53
3	1164	279	279
3	1165	855	861
3	1166	751	769
3	1167	342	352
3	1168	262	280
3	1169	861	873
3	1170	760	764
3	1171	943	957
3	1172	910	907
3	1173	284	283
3	1174	405	416
3	1175	530	543
3	1176	887	882
3	1177	871	864
3	1178	537	538
3	1179	557	555
3	1180	796	789
3	1181	580	580
3	1182	74	74
3	1183	564	559
3	1184	446	436
3	1185	736	742
3	1186	872	865
3	1187	166	175
3	1188	770	784
3	1189	997	1000
3	1190	507	518
3	1191	539	546
3	1192	992	983
3	1193	826	828
3	1194	166	175
3	1195	814	819
3	1196	791	791
3	1197	301	305
3	1198	526	529
3	1199	783	784
3	1200	959	977
3	1201	133	152
3	1202	953	950
3	1203	996	989
3	1204	216	230
3	1205	267	280
3	1206	465	469
3	1207	722	719
3	1208	579	589
3	1209	302	315
3	1210	380	373
3	1211	475	468
3	1212	300	319
3	1213	571	569
3	1214	159	150
3	1215	823	824
3	1216	11	10
3	1217	363	375
3	1218	609	619
3	1219	18	13
3	1220	364	375
3	1221	861	876
3	1222	845	840
3	1223	527	532
3	1224	106	101
3	1225	418	437
3	1226	499	510
3	1227	596	603
3	1228	769	768
3	1229	304	311
3	1230	892	883
3	1231	552	542
3	1232	117	122
3	1233	842	847
3	1234	732	746
3	1235	104	96
3	1236	157	167
3	1237	293	296
3	1238	597	607
3	1239	676	676
3	1240	36	52
3	1241	308	300
3	1242	610	609
3	1243	746	744
3	1244	198	214
3	1245	349	342
3	1246	340	335
3	1247	875	880
3	1248	756	772
3	1249	96	103
3	1250	134	153
3	1251	26	27
3	1252	423	424
3	1253	454	445
3	1254	316	313
3	1255	723	725
3	1256	664	655
3	1257	678	689
3	1258	587	589
3	1259	726	734
3	1260	587	598
3	1261	180	196
3	1262	681	686
3	1263	57	64
3	1264	833	829
3	1265	562	570
3	1266	786	787
3	1267	314	327
3	1268	428	425
3	1269	27	17
3	1270	410	423
3	1271	240	254
3	1272	482	497
3	1273	702	714
3	1274	382	380
3	1275	6	9
3	1276	594	605
3	1277	326	326
3	1278	377	394
3	1279	776	774
3	1280	972	980
3	1281	590	587
3	1282	34	26
3	1283	91	102
3	1284	965	963
3	1285	897	906
3	1286	158	161
3	1287	653	667
3	1288	201	197
3	1289	302	296
3	1290	98	107
3	1291	186	181
3	1292	640	644
3	1293	409	407
3	1294	868	877
3	1295	554	546
3	1296	874	884
3	1297	339	353
3	1298	479	489
3	1299	817	826
3	1300	311	326
3	1301	82	101
3	1302	873	880
3	1303	986	983
3	1304	829	839
3	1305	139	129
3	1306	645	639
3	1307	77	87
3	1308	867	859
3	1309	882	875
3	1310	583	599
3	1311	453	456
3	1312	257	253
3	1313	479	489
3	1314	415	418
3	1315	160	178
3	1316	615	629
3	1317	890	896
3	1318	656	656
3	1319	47	53
3	1320	409	423
3	1321	829	825
3	1322	6	8
3	1323	230	233
3	1324	651	649
3	1325	860	870
3	1326	850	857
3	1327	188	196
3	1328	127	122
3	1329	891	907
3	1330	5	3
3	1331	452	468
3	1332	532	547
3	1333	309	319
3	1334	437	437
3	1335	819	832
3	1336	326	326
3	1337	219	231
3	1338	409	427
3	1339	991	995
3	1340	624	622
3	1341	631	633
3	1342	579	595
3	1343	46	42
3	1344	388	379
3	1345	773	786
3	1346	569	579
3	1347	434	431
3	1348	169	163
3	1349	864	883
3	1350	309	321
3	1351	69	61
3	1352	275	288
3	1353	753	759
3	1354	923	925
3	1355	427	446
3	1356	381	378
3	1357	723	716
3	1358	790	788
3	1359	264	270
3	1360	32	46
3	1361	839	836
3	1362	692	703
3	1363	247	239
3	1364	662	675
3	1365	422	412
3	1366	349	367
3	1367	459	464
3	1368	310	309
3	1369	234	231
3	1370	282	280
3	1371	686	687
3	1372	310	325
3	1373	643	647
3	1374	355	349
3	1375	745	762
3	1376	433	425
3	1377	537	537
3	1378	19	23
3	1379	877	890
3	1380	948	945
3	1381	703	705
3	1382	420	411
3	1383	665	681
3	1384	564	559
3	1385	534	537
3	1386	953	963
3	1387	640	655
3	1388	263	272
3	1389	642	651
3	1390	531	526
3	1391	270	280
3	1392	481	494
3	1393	451	461
3	1394	923	930
3	1395	514	513
3	1396	550	568
3	1397	452	470
3	1398	661	654
3	1399	281	284
3	1400	553	569
3	1401	57	47
3	1402	752	760
3	1403	884	901
3	1404	973	973
3	1405	125	123
3	1406	154	145
3	1407	606	597
3	1408	569	588
3	1409	330	325
3	1410	448	461
3	1411	523	539
3	1412	437	450
3	1413	554	550
3	1414	644	636
3	1415	524	523
3	1416	158	168
3	1417	994	989
3	1418	532	539
3	1419	422	413
3	1420	437	453
3	1421	568	569
3	1422	571	571
3	1423	125	128
3	1424	689	703
3	1425	405	396
3	1426	186	193
3	1427	997	995
3	1428	288	286
3	1429	535	529
3	1430	425	429
3	1431	15	7
3	1432	705	715
3	1433	682	684
3	1434	724	736
3	1435	636	631
3	1436	696	713
3	1437	56	56
3	1438	671	669
3	1439	868	869
3	1440	131	147
3	1441	923	916
3	1442	1	14
3	1443	86	102
3	1444	707	709
3	1445	221	214
3	1446	958	971
3	1447	146	159
3	1448	731	726
3	1449	615	618
3	1450	784	777
3	1451	342	352
3	1452	697	700
3	1453	804	807
3	1454	609	601
3	1455	171	186
3	1456	547	566
3	1457	81	87
3	1458	758	777
3	1459	569	559
3	1460	219	222
3	1461	531	542
3	1462	584	588
3	1463	816	822
3	1464	341	353
3	1465	901	898
3	1466	811	802
3	1467	52	53
3	1468	189	197
3	1469	278	287
3	1470	66	57
3	1471	249	253
3	1472	383	384
3	1473	776	775
3	1474	470	471
3	1475	370	368
3	1476	119	125
3	1477	633	640
3	1478	592	594
3	1479	535	535
3	1480	281	278
3	1481	228	246
3	1482	880	875
3	1483	738	756
3	1484	846	845
3	1485	769	783
3	1486	154	152
3	1487	406	418
3	1488	932	939
3	1489	858	852
3	1490	515	527
3	1491	981	988
3	1492	469	470
3	1493	976	971
3	1494	49	52
3	1495	195	201
3	1496	95	102
3	1497	630	625
3	1498	882	876
3	1499	703	709
3	1500	37	54
3	1501	549	563
3	1502	298	294
3	1503	730	726
3	1504	510	509
3	1505	794	785
3	1506	853	858
3	1507	984	991
3	1508	827	840
3	1509	903	895
3	1510	389	400
3	1511	993	1000
3	1512	7	5
3	1513	602	593
3	1514	892	900
3	1515	390	395
3	1516	968	961
3	1517	960	956
3	1518	706	722
3	1519	452	466
3	1520	508	506
3	1521	943	940
3	1522	371	382
3	1523	160	162
3	1524	524	534
3	1525	867	861
3	1526	475	479
3	1527	310	316
3	1528	402	418
3	1529	381	374
3	1530	361	357
3	1531	193	206
3	1532	107	97
3	1533	50	59
3	1534	270	277
3	1535	334	348
3	1536	333	345
3	1537	845	843
3	1538	800	813
3	1539	848	863
3	1540	544	556
3	1541	463	453
3	1542	111	111
3	1543	535	551
3	1544	33	48
3	1545	418	427
3	1546	662	679
3	1547	628	644
3	1548	103	120
3	1549	630	642
3	1550	993	1011
3	1551	758	770
3	1552	481	489
3	1553	214	225
3	1554	844	843
3	1555	559	569
3	1556	337	355
3	1557	776	781
3	1558	222	218
3	1559	126	118
3	1560	334	339
3	1561	372	372
3	1562	779	780
3	1563	418	430
3	1564	627	642
3	1565	849	850
3	1566	294	291
3	1567	386	402
3	1568	249	258
3	1569	554	556
3	1570	430	424
3	1571	8	10
3	1572	117	125
3	1573	783	788
3	1574	183	186
3	1575	415	411
3	1576	477	468
3	1577	147	141
3	1578	168	177
3	1579	355	355
3	1580	838	850
3	1581	665	681
3	1582	786	792
3	1583	550	546
3	1584	843	846
3	1585	581	600
3	1586	257	267
3	1587	58	51
3	1588	475	489
3	1589	796	797
3	1590	8	18
3	1591	932	926
3	1592	30	42
3	1593	792	807
3	1594	83	77
3	1595	991	981
3	1596	407	408
3	1597	819	834
3	1598	374	392
3	1599	768	783
3	1600	888	898
3	1601	862	877
3	1602	30	41
3	1603	251	257
3	1604	366	357
3	1605	177	174
3	1606	383	391
3	1607	265	284
3	1608	374	373
3	1609	315	326
3	1610	896	910
3	1611	508	507
3	1612	298	307
3	1613	172	163
3	1614	775	781
3	1615	12	2
3	1616	578	568
3	1617	370	382
3	1618	62	52
3	1619	914	906
3	1620	791	800
3	1621	826	826
3	1622	758	776
3	1623	727	736
3	1624	229	248
3	1625	696	691
3	1626	197	215
3	1627	348	341
3	1628	736	741
3	1629	523	519
3	1630	800	810
3	1631	656	664
3	1632	999	991
3	1633	855	869
3	1634	134	146
3	1635	18	18
3	1636	727	735
3	1637	177	189
3	1638	972	982
3	1639	348	352
3	1640	941	951
3	1641	669	671
3	1642	715	728
3	1643	428	443
3	1644	64	68
3	1645	274	273
3	1646	7	2
3	1647	206	224
3	1648	345	353
3	1649	226	234
3	1650	794	802
3	1651	266	285
3	1652	145	141
3	1653	678	686
3	1654	140	155
3	1655	965	959
3	1656	397	407
3	1657	60	63
3	1658	335	337
3	1659	28	45
3	1660	429	422
3	1661	543	545
3	1662	560	552
3	1663	250	247
3	1664	57	53
3	1665	364	381
3	1666	480	490
3	1667	117	121
3	1668	161	180
3	1669	8	-1
3	1670	763	757
3	1671	424	432
3	1672	694	713
3	1673	735	748
3	1674	758	750
3	1675	678	681
3	1676	483	485
3	1677	609	627
3	1678	401	404
3	1679	234	229
3	1680	131	133
3	1681	34	28
3	1682	156	170
3	1683	684	698
3	1684	647	638
3	1685	520	522
3	1686	294	301
3	1687	166	169
3	1688	955	970
3	1689	468	460
3	1690	575	566
3	1691	632	637
3	1692	542	554
3	1693	776	775
3	1694	76	68
3	1695	990	988
3	1696	89	93
3	1697	837	832
3	1698	344	345
3	1699	743	739
3	1700	867	870
3	1701	629	632
3	1702	631	633
3	1703	726	717
3	1704	907	902
3	1705	264	261
3	1706	807	823
3	1707	763	774
3	1708	901	920
3	1709	44	39
3	1710	821	817
3	1711	136	153
3	1712	384	387
3	1713	361	359
3	1714	731	743
3	1715	276	277
3	1716	948	954
3	1717	158	157
3	1718	251	247
3	1719	889	896
3	1720	103	108
3	1721	953	963
3	1722	178	180
3	1723	950	950
3	1724	238	242
3	1725	183	189
3	1726	744	751
3	1727	760	776
3	1728	227	240
3	1729	973	978
3	1730	756	759
3	1731	291	285
3	1732	267	285
3	1733	863	879
3	1734	971	970
3	1735	558	566
3	1736	925	937
3	1737	88	78
3	1738	675	671
3	1739	297	301
3	1740	301	313
3	1741	83	89
3	1742	215	217
3	1743	24	32
3	1744	105	115
3	1745	915	926
3	1746	825	822
3	1747	840	836
3	1748	52	42
3	1749	636	649
3	1750	547	543
3	1751	568	578
3	1752	736	755
3	1753	475	476
3	1754	164	176
3	1755	771	765
3	1756	323	327
3	1757	492	488
3	1758	798	795
3	1759	581	585
3	1760	479	480
3	1761	634	642
3	1762	93	104
3	1763	475	476
3	1764	780	796
3	1765	112	120
3	1766	590	583
3	1767	997	992
3	1768	820	820
3	1769	853	866
3	1770	105	97
3	1771	79	71
3	1772	851	842
3	1773	496	500
3	1774	329	339
3	1775	960	976
3	1776	427	438
3	1777	528	521
3	1778	936	934
3	1779	572	579
3	1780	176	175
3	1781	683	694
3	1782	523	537
3	1783	714	705
3	1784	972	968
3	1785	551	559
3	1786	648	650
3	1787	870	880
3	1788	935	944
3	1789	368	358
3	1790	991	988
3	1791	295	303
3	1792	231	230
3	1793	520	534
3	1794	554	568
3	1795	246	252
3	1796	884	877
3	1797	145	158
3	1798	543	539
3	1799	213	228
3	1800	898	898
3	1801	159	177
3	1802	657	652
3	1803	606	614
3	1804	864	873
3	1805	643	657
3	1806	477	473
3	1807	67	74
3	1808	160	156
3	1809	153	166
3	1810	351	357
3	1811	817	808
3	1812	135	137
3	1813	478	471
3	1814	822	825
3	1815	975	976
3	1816	762	762
3	1817	520	520
3	1818	420	418
3	1819	662	671
3	1820	896	888
3	1821	528	531
3	1822	590	582
3	1823	731	749
3	1824	962	956
3	1825	116	130
3	1826	5	24
3	1827	11	25
3	1828	959	975
3	1829	480	475
3	1830	412	416
3	1831	900	903
3	1832	551	557
3	1833	589	593
3	1834	114	116
3	1835	507	514
3	1836	666	681
3	1837	16	7
3	1838	884	902
3	1839	382	393
3	1840	806	797
3	1841	386	388
3	1842	382	391
3	1843	383	395
3	1844	774	786
3	1845	261	272
3	1846	576	568
3	1847	564	558
3	1848	105	96
3	1849	962	964
3	1850	285	282
3	1851	38	38
3	1852	223	226
3	1853	320	318
3	1854	185	194
3	1855	863	867
3	1856	688	691
3	1857	411	419
3	1858	718	732
3	1859	649	639
3	1860	416	431
3	1861	833	831
3	1862	524	527
3	1863	325	331
3	1864	957	949
3	1865	132	137
3	1866	884	881
3	1867	402	410
3	1868	876	885
3	1869	478	493
3	1870	94	89
3	1871	941	942
3	1872	551	544
3	1873	5	14
3	1874	715	721
3	1875	892	910
3	1876	919	911
3	1877	263	282
3	1878	776	775
3	1879	550	563
3	1880	362	377
3	1881	757	766
3	1882	656	668
3	1883	881	881
3	1884	301	298
3	1885	259	253
3	1886	820	814
3	1887	461	455
3	1888	623	624
3	1889	884	883
3	1890	472	470
3	1891	840	831
3	1892	615	609
3	1893	165	175
3	1894	613	605
3	1895	481	490
3	1896	132	129
3	1897	507	515
3	1898	901	907
3	1899	690	690
3	1900	595	614
3	1901	716	718
3	1902	942	943
3	1903	613	627
3	1904	729	748
3	1905	25	44
3	1906	400	406
3	1907	693	703
3	1908	379	389
3	1909	478	489
3	1910	351	365
3	1911	508	513
3	1912	168	185
3	1913	286	279
3	1914	901	891
3	1915	746	763
3	1916	217	211
3	1917	17	22
3	1918	938	932
3	1919	718	724
3	1920	573	569
3	1921	258	276
3	1922	545	561
3	1923	178	192
3	1924	65	66
3	1925	801	816
3	1926	417	411
3	1927	867	884
3	1928	819	826
3	1929	871	872
3	1930	546	553
3	1931	760	766
3	1932	9	8
3	1933	399	403
3	1934	596	596
3	1935	161	157
3	1936	259	254
3	1937	781	796
3	1938	965	962
3	1939	817	807
3	1940	474	486
3	1941	758	759
3	1942	420	415
3	1943	40	50
3	1944	432	426
3	1945	284	301
3	1946	943	961
3	1947	225	237
3	1948	746	761
3	1949	373	382
3	1950	638	652
3	1951	380	371
3	1952	539	552
3	1953	524	530
3	1954	82	97
3	1955	595	610
3	1956	404	419
3	1957	132	125
3	1958	729	735
3	1959	366	361
3	1960	740	730
3	1961	431	428
3	1962	51	55
3	1963	131	132
3	1964	892	885
3	1965	538	557
3	1966	164	173
3	1967	49	60
3	1968	552	547
3	1969	522	525
3	1970	162	168
3	1971	492	489
3	1972	600	590
3	1973	754	771
3	1974	247	244
3	1975	647	661
3	1976	950	963
3	1977	829	823
3	1978	612	605
3	1979	489	482
3	1980	511	513
3	1981	616	607
3	1982	758	776
3	1983	852	865
3	1984	54	70
3	1985	742	758
3	1986	339	343
3	1987	588	587
3	1988	677	684
3	1989	401	401
3	1990	375	367
3	1991	748	745
3	1992	680	699
3	1993	447	447
3	1994	927	933
3	1995	11	23
3	1996	532	545
3	1997	567	581
3	1998	365	370
3	1999	485	488
3	2000	392	390
3	2001	28	19
3	2002	837	834
3	2003	697	708
3	2004	329	342
3	2005	168	185
3	2006	382	401
3	2007	481	475
3	2008	102	93
3	2009	984	990
3	2010	257	266
3	2011	495	496
3	2012	790	809
3	2013	912	923
3	2014	266	271
3	2015	798	800
3	2016	735	751
3	2017	97	102
3	2018	306	319
3	2019	736	749
3	2020	387	393
3	2021	72	70
3	2022	644	660
3	2023	280	288
3	2024	933	949
3	2025	125	127
3	2026	882	877
3	2027	791	782
3	2028	559	566
3	2029	611	610
3	2030	771	788
3	2031	198	191
3	2032	293	312
3	2033	750	750
3	2034	432	446
3	2035	282	295
3	2036	548	540
3	2037	862	879
3	2038	497	500
3	2039	442	432
3	2040	155	160
3	2041	574	575
3	2042	106	110
3	2043	382	379
3	2044	491	504
3	2045	119	112
3	2046	467	475
3	2047	731	737
3	2048	563	579
3	2049	741	750
3	2050	217	233
3	2051	31	29
3	2052	838	857
3	2053	281	272
3	2054	653	643
3	2055	952	964
3	2056	582	580
3	2057	917	913
3	2058	745	760
3	2059	959	977
3	2060	184	194
3	2061	479	476
3	2062	111	128
3	2063	464	463
3	2064	821	815
3	2065	963	969
3	2066	619	632
3	2067	120	110
3	2068	126	130
3	2069	274	284
3	2070	413	426
3	2071	156	161
3	2072	661	665
3	2073	617	630
3	2074	880	898
3	2075	532	546
3	2076	785	795
3	2077	568	580
3	2078	536	533
3	2079	87	77
3	2080	385	387
3	2081	890	889
3	2082	425	416
3	2083	499	494
3	2084	258	260
3	2085	862	856
3	2086	156	175
3	2087	816	815
3	2088	137	147
3	2089	697	703
3	2090	905	912
3	2091	939	934
3	2092	353	358
3	2093	855	870
3	2094	145	150
3	2095	857	847
3	2096	398	390
3	2097	442	433
3	2098	555	548
3	2099	831	848
3	2100	622	628
3	2101	688	692
3	2102	812	831
3	2103	300	292
3	2104	452	470
3	2105	893	892
3	2106	169	164
\.


--
-- TOC entry 2912 (class 0 OID 16704)
-- Dependencies: 207
-- Data for Name: sub_class; Type: TABLE DATA; Schema: public; Owner: postgres
--

COPY sub_class (id_sub_class, id_class, name, description) FROM stdin;
1	5	Pakaian Atasan Pria	Pakaian Atasan Pria
2	6	Pakaian Atasan Wanita	Pakaian Atasan Wanita
3	7	Pakaian Atasan Anak Laki - Laki	Pakaian Atasan Anak Laki - Laki
4	8	Pakaian Atasan Anak Perempuan	Pakaian Atasan Anak Perempuan
5	9	Pakaian Bawahan Pria	Pakaian Bawahan Pria
6	10	Pakaian Bawahan Wanita	Pakaian Bawahan Wanita
7	11	Pakaian Bawahan Anak Laki - Laki	Pakaian Bawahan Anak Laki - Laki
8	12	Pakaian Bawahan Anak Perempuan	Pakaian Bawahan Anak Perempuan
9	13	Sepatu Pria	Sepatu Pria
10	14	Sepatu Wanita	Sepatu Wanita
11	15	Sepatu Anak Laki - Laki	Sepatu Anak Laki - Laki
12	16	Sepatu Anak Perempuan	Sepatu Anak Perempuan
\.


--
-- TOC entry 2922 (class 0 OID 16750)
-- Dependencies: 217
-- Data for Name: verify; Type: TABLE DATA; Schema: public; Owner: postgres
--

COPY verify (id_cut_off, id_stock, description) FROM stdin;
\.


--
-- TOC entry 2927 (class 0 OID 0)
-- Dependencies: 204
-- Name: class_id_class_seq; Type: SEQUENCE SET; Schema: public; Owner: postgres
--

SELECT pg_catalog.setval('class_id_class_seq', 16, true);


--
-- TOC entry 2928 (class 0 OID 0)
-- Dependencies: 214
-- Name: cut_off_id_cut_off_seq; Type: SEQUENCE SET; Schema: public; Owner: postgres
--

SELECT pg_catalog.setval('cut_off_id_cut_off_seq', 3, true);


--
-- TOC entry 2929 (class 0 OID 0)
-- Dependencies: 202
-- Name: department_id_department_seq; Type: SEQUENCE SET; Schema: public; Owner: postgres
--

SELECT pg_catalog.setval('department_id_department_seq', 3, true);


--
-- TOC entry 2930 (class 0 OID 0)
-- Dependencies: 210
-- Name: goods_id_goods_seq; Type: SEQUENCE SET; Schema: public; Owner: postgres
--

SELECT pg_catalog.setval('goods_id_goods_seq', 78, true);


--
-- TOC entry 2931 (class 0 OID 0)
-- Dependencies: 200
-- Name: location_id_location_seq; Type: SEQUENCE SET; Schema: public; Owner: postgres
--

SELECT pg_catalog.setval('location_id_location_seq', 37, true);


--
-- TOC entry 2932 (class 0 OID 0)
-- Dependencies: 196
-- Name: regional_id_regional_seq; Type: SEQUENCE SET; Schema: public; Owner: postgres
--

SELECT pg_catalog.setval('regional_id_regional_seq', 3, true);


--
-- TOC entry 2933 (class 0 OID 0)
-- Dependencies: 212
-- Name: stock_id_stock_seq; Type: SEQUENCE SET; Schema: public; Owner: postgres
--

SELECT pg_catalog.setval('stock_id_stock_seq', 2106, true);


--
-- TOC entry 2934 (class 0 OID 0)
-- Dependencies: 206
-- Name: sub_class_id_sub_class_seq; Type: SEQUENCE SET; Schema: public; Owner: postgres
--

SELECT pg_catalog.setval('sub_class_id_sub_class_seq', 14, true);


--
-- TOC entry 2935 (class 0 OID 0)
-- Dependencies: 198
-- Name: sub_regional_id_sub_regional_seq; Type: SEQUENCE SET; Schema: public; Owner: postgres
--

SELECT pg_catalog.setval('sub_regional_id_sub_regional_seq', 9, true);


--
-- TOC entry 2936 (class 0 OID 0)
-- Dependencies: 208
-- Name: uom_id_uom_seq; Type: SEQUENCE SET; Schema: public; Owner: postgres
--

SELECT pg_catalog.setval('uom_id_uom_seq', 10, true);


-- Completed on 2023-09-26 08:16:38

--
-- PostgreSQL database dump complete
--

